range_start,range_end,AS_number,country_code,AS_description
163.0.0.0,163.0.255.255,17816,CN,CHINA169-GZ China Unicom IP network China169 Guangdong province
163.1.0.0,163.1.255.255,786,GB,JANET Jisc Services Limited
163.2.0.0,163.2.255.255,2749,US,DNIC-AS-02749
163.3.0.0,163.3.253.255,0,None,Not routed
163.3.254.0,163.3.254.255,3301,SE,TELIANET-SWEDEN Telia Company
163.3.255.0,163.3.255.255,0,None,Not routed
163.4.0.0,163.4.255.255,749,US,DNIC-AS-00749
163.5.0.0,163.5.1.255,0,None,Not routed
163.5.2.0,163.5.2.255,56339,FR,BOCAL
163.5.3.0,163.5.4.255,0,None,Not routed
163.5.5.0,163.5.5.255,56339,FR,BOCAL
163.5.6.0,163.5.9.255,0,None,Not routed
163.5.10.0,163.5.13.255,56339,FR,BOCAL
163.5.14.0,163.5.19.255,0,None,Not routed
163.5.20.0,163.5.20.255,56339,FR,BOCAL
163.5.21.0,163.5.22.255,0,None,Not routed
163.5.23.0,163.5.23.255,56339,FR,BOCAL
163.5.24.0,163.5.29.255,0,None,Not routed
163.5.30.0,163.5.31.255,60721,TR,BURSABIL
163.5.32.0,163.5.32.255,211237,TR,FORTR-TELEKOMUNIKASYON
163.5.33.0,163.5.34.255,60721,TR,BURSABIL
163.5.35.0,163.5.35.255,204372,FR,VINCENT-PICCO
163.5.36.0,163.5.36.255,212238,GB,CDNEXT
163.5.37.0,163.5.39.255,60721,TR,BURSABIL
163.5.40.0,163.5.57.255,56339,FR,BOCAL
163.5.58.0,163.5.64.255,0,None,Not routed
163.5.65.0,163.5.65.255,56339,FR,BOCAL
163.5.66.0,163.5.67.255,0,None,Not routed
163.5.68.0,163.5.69.255,56339,FR,BOCAL
163.5.70.0,163.5.70.255,56913,Unknown,AS56913
163.5.71.0,163.5.71.255,7018,US,ATT-INTERNET4
163.5.72.0,163.5.72.255,56913,Unknown,AS56913
163.5.73.0,163.5.73.255,56339,FR,BOCAL
163.5.74.0,163.5.76.255,396356,BR,MAXIHOST
163.5.77.0,163.5.78.255,56913,Unknown,AS56913
163.5.79.0,163.5.79.255,142111,CN,AIYUN-AS-AP Zhejiang Aiyun Network Technology Co Ltd
163.5.80.0,163.5.82.255,56339,FR,BOCAL
163.5.83.0,163.5.84.255,0,None,Not routed
163.5.85.0,163.5.85.255,56339,FR,BOCAL
163.5.86.0,163.5.90.255,0,None,Not routed
163.5.91.0,163.5.91.255,60721,TR,BURSABIL
163.5.92.0,163.5.93.255,396356,BR,MAXIHOST
163.5.94.0,163.5.95.255,211237,TR,FORTR-TELEKOMUNIKASYON
163.5.96.0,163.5.96.255,396356,BR,MAXIHOST
163.5.97.0,163.5.97.255,60721,TR,BURSABIL
163.5.98.0,163.5.98.255,396356,BR,MAXIHOST
163.5.99.0,163.5.99.255,35913,US,DEDIPATH-LLC
163.5.100.0,163.5.100.255,204843,TR,TR-STERLY_VERI_MERKEZI_YAZILIM_VE_SIBER_GUVENLIK_HIZMETLERI_ANONIM_SIRKETI
163.5.101.0,163.5.101.255,207459,TR,AS-TEKNOSOS-INT
163.5.102.0,163.5.102.255,400377,US,AS-DC
163.5.103.0,163.5.103.255,140947,IN,SNTHOSTINGS-AS-AP SnTHostings
163.5.104.0,163.5.104.255,207429,TR,KAPTEYAN
163.5.105.0,163.5.105.255,400377,US,AS-DC
163.5.106.0,163.5.106.255,49581,DE,FERDINANDZINK
163.5.107.0,163.5.107.255,43043,DE,FASTPIPE fastpipe.io Cloud Infrastructure
163.5.108.0,163.5.108.255,49581,DE,FERDINANDZINK
163.5.109.0,163.5.109.255,209181,GB,ZENEX5IVE-NL
163.5.110.0,163.5.111.255,7018,US,ATT-INTERNET4
163.5.112.0,163.5.112.255,61317,GB,ASDETUK www.heficed.com
163.5.113.0,163.5.113.255,211237,TR,FORTR-TELEKOMUNIKASYON
163.5.114.0,163.5.114.255,60721,TR,BURSABIL
163.5.115.0,163.5.115.255,14445,US,PEACEWEB
163.5.116.0,163.5.116.255,211237,TR,FORTR-TELEKOMUNIKASYON
163.5.117.0,163.5.117.255,61138,US,ZAPPIE-HOST-AS Zappie Host
163.5.118.0,163.5.119.255,211936,US,RD-UK
163.5.120.0,163.5.120.255,212815,FR,AS-DYJIX
163.5.121.0,163.5.121.255,0,None,Not routed
163.5.122.0,163.5.122.255,40676,US,AS40676
163.5.123.0,163.5.123.255,206092,GB,SECFIREWALLAS
163.5.124.0,163.5.124.255,60721,TR,BURSABIL
163.5.125.0,163.5.125.255,834,US,IPXO
163.5.126.0,163.5.126.255,7018,US,ATT-INTERNET4
163.5.127.0,163.5.127.255,834,US,IPXO
163.5.128.0,163.5.128.255,7018,US,ATT-INTERNET4
163.5.129.0,163.5.129.255,64267,US,AS-SPRIO
163.5.130.0,163.5.130.255,61317,GB,ASDETUK www.heficed.com
163.5.131.0,163.5.131.255,60721,TR,BURSABIL
163.5.132.0,163.5.133.255,211237,TR,FORTR-TELEKOMUNIKASYON
163.5.134.0,163.5.134.255,63023,US,AS-GLOBALTELEHOST
163.5.135.0,163.5.136.255,211237,TR,FORTR-TELEKOMUNIKASYON
163.5.137.0,163.5.137.255,0,None,Not routed
163.5.138.0,163.5.138.255,204372,FR,VINCENT-PICCO
163.5.139.0,163.5.139.255,40676,US,AS40676
163.5.140.0,163.5.140.255,0,None,Not routed
163.5.141.0,163.5.141.255,212669,LT,IPROYAL
163.5.142.0,163.5.143.255,0,None,Not routed
163.5.144.0,163.5.145.255,210703,TR,TR-MARKAHOST
163.5.146.0,163.5.146.255,212669,LT,IPROYAL
163.5.147.0,163.5.147.255,834,US,IPXO
163.5.148.0,163.5.148.255,44486,DE,SYNLINQ synlinq.de
163.5.149.0,163.5.149.255,17447,IN,NET4-IN Net4India Ltd
163.5.150.0,163.5.150.255,203728,GB,AS_BAHU
163.5.151.0,163.5.151.255,9009,RO,M247
163.5.152.0,163.5.152.255,60721,TR,BURSABIL
163.5.153.0,163.5.153.255,0,None,Not routed
163.5.154.0,163.5.154.255,43260,TR,AS43260
163.5.155.0,163.5.157.255,2914,US,NTT-LTD-2914
163.5.158.0,163.5.158.255,60721,TR,BURSABIL
163.5.159.0,163.5.159.255,3320,DE,DTAG Internet service provider operations
163.5.160.0,163.5.160.255,399486,CA,VIRTUO
163.5.161.0,163.5.161.255,204372,FR,VINCENT-PICCO
163.5.162.0,163.5.162.255,212669,LT,IPROYAL
163.5.163.0,163.5.163.255,211975,DE,WOHLERT
163.5.164.0,163.5.164.255,3356,US,LEVEL3
163.5.165.0,163.5.165.255,7018,US,ATT-INTERNET4
163.5.166.0,163.5.166.255,174,US,COGENT-174
163.5.167.0,163.5.167.255,400039,US,WT-AUR
163.5.168.0,163.5.168.255,210703,TR,TR-MARKAHOST
163.5.169.0,163.5.169.255,60721,TR,BURSABIL
163.5.170.0,163.5.170.255,62068,NL,SPECTRAIP SpectraIP B.V.
163.5.171.0,163.5.172.255,14445,US,PEACEWEB
163.5.173.0,163.5.173.255,211237,TR,FORTR-TELEKOMUNIKASYON
163.5.174.0,163.5.174.255,14445,US,PEACEWEB
163.5.175.0,163.5.175.255,49999,GB,BANDWIDTHTECH-AS
163.5.176.0,163.5.176.255,44486,DE,SYNLINQ synlinq.de
163.5.177.0,163.5.177.255,211440,LT,IPROYALUK
163.5.178.0,163.5.178.255,44486,DE,SYNLINQ synlinq.de
163.5.179.0,163.5.180.255,834,US,IPXO
163.5.181.0,163.5.181.255,210122,RU,OOOTCK-AS
163.5.182.0,163.5.182.255,43350,NL,NFORCE
163.5.183.0,163.5.183.255,40676,US,AS40676
163.5.184.0,163.5.184.255,209260,DE,KOVAC
163.5.185.0,163.5.185.255,14445,US,PEACEWEB
163.5.186.0,163.5.186.255,211237,TR,FORTR-TELEKOMUNIKASYON
163.5.187.0,163.5.187.255,61317,GB,ASDETUK www.heficed.com
163.5.188.0,163.5.188.255,142430,IN,DIGIVPS-AS-AP DIGI VPS
163.5.189.0,163.5.189.255,210439,TR,VISLOM
163.5.190.0,163.5.190.255,0,None,Not routed
163.5.191.0,163.5.191.255,24875,NL,NOVOSERVE-AS
163.5.192.0,163.5.192.255,212815,FR,AS-DYJIX
163.5.193.0,163.5.193.255,43431,RO,IX-AS
163.5.194.0,163.5.194.255,14445,US,PEACEWEB
163.5.195.0,163.5.197.255,211237,TR,FORTR-TELEKOMUNIKASYON
163.5.198.0,163.5.198.255,14445,US,PEACEWEB
163.5.199.0,163.5.200.255,2914,US,NTT-LTD-2914
163.5.201.0,163.5.201.255,39120,IT,CONVERGENZE-AS ISP services in Italy
163.5.202.0,163.5.202.255,834,US,IPXO
163.5.203.0,163.5.205.255,39120,IT,CONVERGENZE-AS ISP services in Italy
163.5.206.0,163.5.209.255,2914,US,NTT-LTD-2914
163.5.210.0,163.5.210.255,204372,FR,VINCENT-PICCO
163.5.211.0,163.5.211.255,140947,IN,SNTHOSTINGS-AS-AP SnTHostings
163.5.212.0,163.5.212.255,60721,TR,BURSABIL
163.5.213.0,163.5.213.255,0,None,Not routed
163.5.214.0,163.5.214.255,60721,TR,BURSABIL
163.5.215.0,163.5.215.255,207459,TR,AS-TEKNOSOS-INT
163.5.216.0,163.5.216.255,43260,TR,AS43260
163.5.217.0,163.5.217.255,209260,DE,KOVAC
163.5.218.0,163.5.218.255,209181,GB,ZENEX5IVE-NL
163.5.219.0,163.5.219.255,207326,TR,HOSTLAB
163.5.220.0,163.5.220.255,63023,US,AS-GLOBALTELEHOST
163.5.221.0,163.5.221.255,142430,IN,DIGIVPS-AS-AP DIGI VPS
163.5.222.0,163.5.222.255,204372,FR,VINCENT-PICCO
163.5.223.0,163.5.223.255,60721,TR,BURSABIL
163.5.224.0,163.5.224.255,212669,LT,IPROYAL
163.5.225.0,163.5.225.255,3320,DE,DTAG Internet service provider operations
163.5.226.0,163.5.227.255,204372,FR,VINCENT-PICCO
163.5.228.0,163.5.228.255,61317,GB,ASDETUK www.heficed.com
163.5.229.0,163.5.229.255,3320,DE,DTAG Internet service provider operations
163.5.230.0,163.5.230.255,204372,FR,VINCENT-PICCO
163.5.231.0,163.5.232.255,7018,US,ATT-INTERNET4
163.5.233.0,163.5.233.255,0,None,Not routed
163.5.234.0,163.5.234.255,7018,US,ATT-INTERNET4
163.5.235.0,163.5.236.255,0,None,Not routed
163.5.237.0,163.5.237.255,61317,GB,ASDETUK www.heficed.com
163.5.238.0,163.5.238.255,40676,US,AS40676
163.5.239.0,163.5.239.255,834,US,IPXO
163.5.240.0,163.5.240.255,40676,US,AS40676
163.5.241.0,163.5.241.255,211237,TR,FORTR-TELEKOMUNIKASYON
163.5.242.0,163.5.242.255,400377,US,AS-DC
163.5.243.0,163.5.243.255,396356,BR,MAXIHOST
163.5.244.0,163.5.244.255,0,None,Not routed
163.5.245.0,163.5.245.255,396356,BR,MAXIHOST
163.5.246.0,163.5.246.255,204372,FR,VINCENT-PICCO
163.5.247.0,163.5.247.255,0,None,Not routed
163.5.248.0,163.5.248.255,204372,FR,VINCENT-PICCO
163.5.249.0,163.5.249.255,60721,TR,BURSABIL
163.5.250.0,163.5.250.255,7018,US,ATT-INTERNET4
163.5.251.0,163.5.251.255,211440,LT,IPROYALUK
163.5.252.0,163.5.252.255,212609,LT,IPROYALDE
163.5.253.0,163.5.253.255,7018,US,ATT-INTERNET4
163.5.254.0,163.5.254.255,60721,TR,BURSABIL
163.5.255.0,163.5.255.255,40676,US,AS40676
163.6.0.0,163.6.255.255,210,US,WEST-NET-WEST
163.7.0.0,163.7.127.255,38140,NZ,SCION-AS-NZ-AP NZ Forest Research Institute Ltd
163.7.128.0,163.7.128.255,24398,NZ,AUT-NZ-AP Auckland University of Technology
163.7.129.0,163.7.129.255,38022,Unknown,AS38022
163.7.130.0,163.7.132.255,45131,NZ,REANNZ-OFFICE REANNZ Head Office
163.7.133.0,163.7.133.255,0,None,Not routed
163.7.134.0,163.7.135.255,38022,Unknown,AS38022
163.7.136.0,163.7.137.255,0,None,Not routed
163.7.138.0,163.7.139.255,38022,Unknown,AS38022
163.7.140.0,163.7.142.255,0,None,Not routed
163.7.143.0,163.7.144.255,38022,Unknown,AS38022
163.7.145.0,163.7.159.255,0,None,Not routed
163.7.160.0,163.7.179.255,38022,Unknown,AS38022
163.7.180.0,163.7.199.255,0,None,Not routed
163.7.200.0,163.7.200.255,38022,Unknown,AS38022
163.7.201.0,163.7.201.255,0,None,Not routed
163.7.202.0,163.7.202.255,38473,NZ,AGRESEARCH-AS Agricultural Research CRI, New Zealand
163.7.203.0,163.7.255.255,0,None,Not routed
163.8.0.0,163.8.55.255,45589,AU,ENERGYAUST-AS AUSGRID
163.8.56.0,163.8.255.255,45589,AU,ENERGYAUST-AS AUSGRID
163.9.0.0,163.9.255.255,2200,FR,FR-RENATER Reseau National de telecommunications pour la Technologie
163.10.0.0,163.10.255.255,5692,AR,Universidad Nacional de La Plata
163.11.0.0,163.11.255.255,600,US,OARNET-AS
163.12.0.0,163.12.255.255,749,US,DNIC-AS-00749
163.13.0.0,163.28.255.255,1659,TW,ERX-TANET-ASN1 Taiwan Academic Network TANet Information Center
163.29.0.0,163.29.255.255,4782,TW,GSNET Data Communication Business Group
163.30.0.0,163.32.135.255,1659,TW,ERX-TANET-ASN1 Taiwan Academic Network TANet Information Center
163.32.136.0,163.32.143.255,131150,TW,KH-AS-TW Education Bureau, Kaohsiung City Government, Taiwan
163.32.144.0,163.32.187.255,1659,TW,ERX-TANET-ASN1 Taiwan Academic Network TANet Information Center
163.32.188.0,163.32.191.255,131150,TW,KH-AS-TW Education Bureau, Kaohsiung City Government, Taiwan
163.32.192.0,163.32.199.255,1659,TW,ERX-TANET-ASN1 Taiwan Academic Network TANet Information Center
163.32.200.0,163.32.203.255,131150,TW,KH-AS-TW Education Bureau, Kaohsiung City Government, Taiwan
163.32.204.0,163.32.255.255,1659,TW,ERX-TANET-ASN1 Taiwan Academic Network TANet Information Center
163.33.0.0,163.33.255.255,0,None,Not routed
163.34.0.0,163.34.255.255,207441,NO,HYDRO-12345
163.35.0.0,163.39.255.255,0,None,Not routed
163.40.0.0,163.40.255.255,226,US,LOS-NETTOS-AS
163.41.0.0,163.41.127.255,3701,US,NERONET
163.41.128.0,163.41.255.255,3582,US,UONET
163.42.0.0,163.42.255.255,2907,JP,SINET-AS Research Organization of Information and Systems, National Institute of Informatics
163.43.0.0,163.43.255.255,9370,JP,SAKURA-B SAKURA Internet Inc.
163.44.0.0,163.44.63.255,2514,JP,INFOSPHERE NTT PC Communications, Inc.
163.44.64.0,163.44.95.255,7506,JP,INTERQ GMO Internet,Inc
163.44.96.0,163.44.127.255,58791,JP,GMOOSK-NET GMO Internet,Inc
163.44.128.0,163.44.159.255,0,None,Not routed
163.44.160.0,163.44.177.255,7506,JP,INTERQ GMO Internet,Inc
163.44.178.0,163.44.191.255,7506,JP,INTERQ GMO Internet,Inc
163.44.192.0,163.44.195.255,131392,VN,RUNSYSTEM-AS-VN GMO-Z.com Runsystem Joint Stock Company
163.44.196.0,163.44.196.1,135161,SG,GMO-Z-COM-TH GMO-Z com NetDesign Holdings Co., Ltd.
163.44.196.2,163.44.196.61,135161,SG,GMO-Z-COM-TH GMO-Z com NetDesign Holdings Co., Ltd.
163.44.196.62,163.44.196.231,135161,SG,GMO-Z-COM-TH GMO-Z com NetDesign Holdings Co., Ltd.
163.44.196.232,163.44.196.234,135161,SG,GMO-Z-COM-TH GMO-Z com NetDesign Holdings Co., Ltd.
163.44.196.235,163.44.197.51,135161,SG,GMO-Z-COM-TH GMO-Z com NetDesign Holdings Co., Ltd.
163.44.197.52,163.44.197.58,135161,SG,GMO-Z-COM-TH GMO-Z com NetDesign Holdings Co., Ltd.
163.44.197.59,163.44.197.229,135161,SG,GMO-Z-COM-TH GMO-Z com NetDesign Holdings Co., Ltd.
163.44.197.230,163.44.199.255,135161,SG,GMO-Z-COM-TH GMO-Z com NetDesign Holdings Co., Ltd.
163.44.200.0,163.44.200.255,131392,VN,RUNSYSTEM-AS-VN GMO-Z.com Runsystem Joint Stock Company
163.44.201.0,163.44.203.255,135161,SG,GMO-Z-COM-TH GMO-Z com NetDesign Holdings Co., Ltd.
163.44.204.0,163.44.204.255,0,None,Not routed
163.44.205.0,163.44.207.255,131392,VN,RUNSYSTEM-AS-VN GMO-Z.com Runsystem Joint Stock Company
163.44.208.0,163.44.223.255,2514,JP,INFOSPHERE NTT PC Communications, Inc.
163.44.224.0,163.44.255.255,7506,JP,INTERQ GMO Internet,Inc
163.45.0.0,163.45.255.255,131930,JP,TBS-NET Tokyo Broadcasting System Television, Inc.
163.46.0.0,163.46.255.255,18126,JP,CTCX Chubu Telecommunications Company, Inc.
163.47.0.0,163.47.0.255,0,None,Not routed
163.47.1.0,163.47.3.255,2907,JP,SINET-AS Research Organization of Information and Systems, National Institute of Informatics
163.47.4.0,163.47.7.255,4811,CN,CHINANET-SHANGHAI-MAN China Telecom Group
163.47.8.0,163.47.11.255,14061,US,DIGITALOCEAN-ASN
163.47.12.0,163.47.15.255,38901,KH,EZECOM-AS-AP EZECOM limited
163.47.16.0,163.47.16.255,0,None,Not routed
163.47.17.0,163.47.17.255,136557,AU,HOST-AS-AP Host Universal Pty Ltd
163.47.18.0,163.47.19.255,0,None,Not routed
163.47.20.0,163.47.21.255,136557,AU,HOST-AS-AP Host Universal Pty Ltd
163.47.22.0,163.47.31.255,0,None,Not routed
163.47.32.0,163.47.35.255,23688,BD,LINK3-TECH-AS-BD-AP Link3 Technologies Ltd.
163.47.36.0,163.47.39.255,63961,BD,BDREN-UGC-AS-AP Bangladesh Research and Education Network BdREN
163.47.40.0,163.47.43.255,0,None,Not routed
163.47.44.0,163.47.45.255,133891,SG,FIDESSA-AS-SG Fidessa ltd
163.47.46.0,163.47.47.255,0,None,Not routed
163.47.48.0,163.47.51.255,58511,AU,ANYCAST-GLOBAL-BACKBONE Anycast Global Backbone
163.47.52.0,163.47.55.255,45780,AU,BROADBANDSOLUTIONS-AS-AP Broadband Solutions Pty Ltd
163.47.56.0,163.47.59.255,10214,Unknown,AS10214
163.47.60.0,163.47.63.255,0,None,Not routed
163.47.64.0,163.47.67.255,38835,AU,VIAIP-AS-AP Buroserv Australia Pty Ltd
163.47.68.0,163.47.71.255,38195,AU,SUPERLOOP-AS-AP Superloop
163.47.72.0,163.47.75.255,38719,Unknown,AS38719
163.47.76.0,163.47.76.255,852,CA,TELUS Communications
163.47.77.0,163.47.77.255,54807,CA,F12-DC-WEST
163.47.78.0,163.47.78.255,397136,CA,F12-DC-EAST
163.47.79.0,163.47.79.255,16696,CA,ITELNETWORKS
163.47.80.0,163.47.83.255,132602,Unknown,AS132602
163.47.84.0,163.47.87.255,38592,BD,CTGONLINE-AS-AP Chittagong Online Limited AS38592 AP
163.47.88.0,163.47.88.255,134809,MY,VIEWQWEST-AS-AP ViewQwest Sdn. Bhd.
163.47.89.0,163.47.89.255,18106,SG,VIEWQWEST-SG-AP Viewqwest Pte Ltd
163.47.90.0,163.47.91.255,134809,MY,VIEWQWEST-AS-AP ViewQwest Sdn. Bhd.
163.47.92.0,163.47.93.255,140637,AU,MTG-MG Macquarie Telecom Group Pty Ltd
163.47.94.0,163.47.95.255,140637,AU,MTG-MG Macquarie Telecom Group Pty Ltd
163.47.96.0,163.47.99.255,58507,AU,WL-AS-AP Wireline
163.47.100.0,163.47.103.255,58580,AU,FASTRACK Fastrack Technology
163.47.104.0,163.47.107.255,58600,NZ,FLIP-AS-AP Flip Services Limited
163.47.108.0,163.47.108.255,136577,AU,SIPTALK-AS-AP Siptalk Pty Ltd
163.47.109.0,163.47.109.255,135069,NZ,FEENIX-AS-AP Feenix Communications Limited
163.47.110.0,163.47.110.255,132847,AU,NETSG-AS-AP Network Solutions Group Pty Ltd
163.47.111.0,163.47.111.255,0,None,Not routed
163.47.112.0,163.47.115.255,134102,NZ,ACCELERO-AP Accelero Limited
163.47.116.0,163.47.116.255,0,None,Not routed
163.47.117.0,163.47.117.255,45570,AU,NETPRES-AS-AP Network Presence
163.47.118.0,163.47.118.255,0,None,Not routed
163.47.119.0,163.47.119.255,45570,AU,NETPRES-AS-AP Network Presence
163.47.120.0,163.47.123.255,58507,AU,WL-AS-AP Wireline
163.47.124.0,163.47.127.255,58940,AU,DEDAUS-AS-AP Dedicated Servers Australia
163.47.128.0,163.47.131.255,64073,NZ,VETTA Vetta Online Ltd
163.47.132.0,163.47.135.255,0,None,Not routed
163.47.136.0,163.47.139.255,58507,AU,WL-AS-AP Wireline
163.47.140.0,163.47.143.255,58640,IN,NEXTRA-IN NEXTRA TELESERVICES PVT. LTD.
163.47.144.0,163.47.147.255,38203,BD,ADNTELECOMLTD-BD ADN Telecom Ltd.
163.47.148.0,163.47.151.255,4007,NP,SUBISU-CABLENET-AS-AP Subisu Cablenet Pvt Ltd, Baluwatar, Kathmandu, Nepal
163.47.152.0,163.47.155.255,0,None,Not routed
163.47.156.0,163.47.159.255,10075,BD,FGL-AS-BD Fiber@Home Global Limited
163.47.160.0,163.47.163.255,55424,AF,INSTATELECOM-AS-AP Instatelecom Limited
163.47.164.0,163.47.167.255,133192,NZ,UBB-AS-AP Ultimate Mobile limited
163.47.168.0,163.47.169.255,58507,AU,WL-AS-AP Wireline
163.47.170.0,163.47.171.255,58507,AU,WL-AS-AP Wireline
163.47.172.0,163.47.175.255,38901,KH,EZECOM-AS-AP EZECOM limited
163.47.176.0,163.47.179.255,24482,SG,SGGS-AS-AP SG.GS
163.47.180.0,163.47.181.255,14618,US,AMAZON-AES
163.47.182.0,163.47.183.255,0,None,Not routed
163.47.184.0,163.47.187.255,45230,NZ,UBERGROUP-AS-NZ UberGroup Limited
163.47.188.0,163.47.191.255,141226,NZ,ETL-AS-AP Engage Technology Limited
163.47.192.0,163.47.195.255,45960,MY,YTLCOMMS-AS-AP YTL COMMUNICATIONS SDN BHD
163.47.196.0,163.47.199.255,0,None,Not routed
163.47.200.0,163.47.203.255,132241,MY,SKSATECH1-MY SKSA TECHNOLOGY SDN BHD
163.47.204.0,163.47.207.255,45177,NZ,DEVOLI-AS-AP Devoli
163.47.208.0,163.47.209.255,55839,IN,MICROSENSE-AS-AP Microsense Private Limited
163.47.210.0,163.47.211.255,0,None,Not routed
163.47.212.0,163.47.215.255,133661,IN,NETPLUS-AS Netplus Broadband Services Private Limited
163.47.216.0,163.47.219.255,55575,AU,MAXOTEL-AU Maxo Telecommunications
163.47.220.0,163.47.223.255,23655,NZ,TWODEGREES-NZ-AS 2degrees Networks Limited
163.47.224.0,163.47.227.255,45345,NC,NAUTILE-NC-AS-AP Nautile
163.47.228.0,163.47.230.255,55561,NZ,TWO-TALK 2talk Global IP Network
163.47.231.0,163.47.231.255,64095,NZ,BRSL-AS-AP Blue Reach Services Limited
163.47.232.0,163.47.235.255,56028,NZ,BTG-NZ BTG Networks
163.47.236.0,163.47.239.255,9876,Unknown,AS9876
163.47.240.0,163.47.243.255,45267,NZ,LIGHTWIRE-AS-AP Lightwire LTD
163.47.244.0,163.47.247.255,132255,NZ,PRIMOWIRELESS-NZ PrimoWireless Ltd
163.47.248.0,163.47.251.255,56055,NC,MLS-NC Micro Logic Systems
163.47.252.0,163.47.255.255,55707,AU,SIMTRONIC-AS-AP Simtronic
163.48.0.0,163.48.255.255,2516,JP,KDDI KDDI CORPORATION
163.49.0.0,163.49.255.255,2497,JP,IIJ Internet Initiative Japan Inc.
163.50.0.0,163.50.255.255,0,None,Not routed
163.51.0.0,163.51.255.255,2907,JP,SINET-AS Research Organization of Information and Systems, National Institute of Informatics
163.52.0.0,163.53.15.255,0,None,Not routed
163.53.16.0,163.53.16.255,137451,HK,TBDL-AS-AP Technology Business Development Limited
163.53.17.0,163.53.17.255,141466,SG,DIGISIGMA-AS-SG DIGISIGMA PTE. LTD.
163.53.18.0,163.53.18.255,64021,CN,NETWORK-TRANSIT Network-Transit
163.53.19.0,163.53.19.255,140224,SG,SGPL-AS-AP STARCLOUD GLOBAL PTE., LTD.
163.53.20.0,163.53.20.255,0,None,Not routed
163.53.21.0,163.53.23.255,17559,AU,SPECTUM-NON-AP Spectrums Core Network
163.53.24.0,163.53.25.255,4007,NP,SUBISU-CABLENET-AS-AP Subisu Cablenet Pvt Ltd, Baluwatar, Kathmandu, Nepal
163.53.26.0,163.53.27.255,45650,NP,VIANET-NP Vianet Communications Pvt. Ltd.
163.53.28.0,163.53.31.255,132730,KH,MBIT-KH Maximum Business Information Technology
163.53.32.0,163.53.34.255,45594,AU,SELEMENTS-AU 1 Park Ave
163.53.35.0,163.53.35.255,45763,AU,FUZENETPTYLTD-AS-AP Fuzenet Pty Ltd
163.53.36.0,163.53.39.255,4847,CN,CNIX-AP China Networks Inter-Exchange
163.53.40.0,163.53.43.255,0,None,Not routed
163.53.44.0,163.53.47.255,63603,CN,GSS-NETWORKS GSS China
163.53.48.0,163.53.59.255,0,None,Not routed
163.53.60.0,163.53.63.255,4847,CN,CNIX-AP China Networks Inter-Exchange
163.53.64.0,163.53.68.255,0,None,Not routed
163.53.69.0,163.53.69.255,55796,AU,PUREVOICE-AS-AP PUREVOICE voip provider
163.53.70.0,163.53.71.255,0,None,Not routed
163.53.72.0,163.53.75.255,132957,IN,PINTWIRE-AS Pintwire Infomatics Private Limited
163.53.76.0,163.53.79.255,9752,IN,FKNET-IN Flipkart Internet Pvt Ltd
163.53.80.0,163.53.83.255,45433,IN,KISPL-AS-IN Kappa Internet Services Private Limited
163.53.84.0,163.53.87.255,132116,IN,ANINETWORK-IN Ani Network Pvt Ltd
163.53.88.0,163.53.95.255,4811,CN,CHINANET-SHANGHAI-MAN China Telecom Group
163.53.96.0,163.53.127.255,0,None,Not routed
163.53.128.0,163.53.131.255,56282,CN,VCLOUD Beijing Internet Harbor Technology Co., Ltd
163.53.132.0,163.53.139.255,0,None,Not routed
163.53.140.0,163.53.142.255,132267,BD,NOVOCOM-BD NovoCom Limited
163.53.143.0,163.53.143.255,0,None,Not routed
163.53.144.0,163.53.147.255,38195,AU,SUPERLOOP-AS-AP Superloop
163.53.148.0,163.53.148.255,0,None,Not routed
163.53.149.0,163.53.151.255,58923,Unknown,AS58923
163.53.152.0,163.53.155.255,17564,MY,GITN-PCN-AS-AP GITN M Sdn. Bhd.
163.53.156.0,163.53.159.255,38387,KR,CMBSEJONG-AS-KR CMB Sejong Broadcasting Co,.Ltd
163.53.160.0,163.53.167.255,0,None,Not routed
163.53.168.0,163.53.171.255,138950,CN,CHINATELECOM-JIANGSU-WUXI-INTERNATIONAL-IDC Jiangsu Wuxi International IDC network
163.53.172.0,163.53.175.255,0,None,Not routed
163.53.176.0,163.53.179.255,45916,IN,GTPL-AS-AP Gujarat Telelink Pvt Ltd
163.53.180.0,163.53.183.255,58813,BD,DTECH-BD Dtech Limited
163.53.184.0,163.53.187.255,9341,ID,ICONPLN-ID-AP-ISP PT INDONESIA COMNETS PLUS
163.53.188.0,163.53.191.255,0,None,Not routed
163.53.192.0,163.53.195.255,58381,ID,WOWRACK-AS-ID Wow Internet Indonesia
163.53.196.0,163.53.199.255,9902,Unknown,AS9902
163.53.200.0,163.53.203.255,132770,IN,GAZON-AS-IN Gazon Communications India Limited
163.53.204.0,163.53.207.255,58898,IN,RAINBOWISP-AS Rainbow communications India Pvt Ltd
163.53.208.0,163.53.211.255,45916,IN,GTPL-AS-AP Gujarat Telelink Pvt Ltd
163.53.212.0,163.53.212.255,8100,US,ASN-QUADRANET-GLOBAL
163.53.213.0,163.53.213.255,61317,GB,ASDETUK www.heficed.com
163.53.214.0,163.53.214.255,8100,US,ASN-QUADRANET-GLOBAL
163.53.215.0,163.53.215.255,20473,US,AS-CHOOPA
163.53.216.0,163.53.219.255,38186,HK,FTG-AS-AP Forewin Telecom Group Limited, ISP at
163.53.220.0,163.53.223.255,0,None,Not routed
163.53.224.0,163.53.227.255,132882,MY,OHANA-AS-AP Ohana Communications Sdn Bhd
163.53.228.0,163.53.235.255,0,None,Not routed
163.53.236.0,163.53.239.255,136481,IN,DTPL-AS-AP Dreamlink Technologies Pvt. Ltd
163.53.240.0,163.53.243.255,0,None,Not routed
163.53.244.0,163.53.245.255,64021,CN,NETWORK-TRANSIT Network-Transit
163.53.246.0,163.53.246.255,40065,US,CNSERVERS
163.53.247.0,163.53.247.255,64021,CN,NETWORK-TRANSIT Network-Transit
163.53.248.0,163.53.251.255,55803,AU,HOSTOPIA-AU Hostopia Australia Web Pty Ltd
163.53.252.0,163.53.255.255,132535,IN,ABAWSPL-AS-AP ANTARIKSH BROADBAND AND WIRELESS SOLUTION PRIVATE LIMITED
163.54.0.0,163.54.255.255,2907,JP,SINET-AS Research Organization of Information and Systems, National Institute of Informatics
163.55.0.0,163.55.255.255,2497,JP,IIJ Internet Initiative Japan Inc.
163.56.0.0,163.57.255.255,0,None,Not routed
163.58.0.0,163.58.255.255,9365,JP,ITSCOM its communications Inc.
163.59.0.0,163.59.255.255,2510,JP,INFOWEB FUJITSU LIMITED
163.60.0.0,163.62.71.255,0,None,Not routed
163.62.72.0,163.62.81.255,1301,EU,FR-EDFDPT3 Electricite de France Service National
163.62.82.0,163.62.91.255,0,None,Not routed
163.62.92.0,163.62.103.255,1301,EU,FR-EDFDPT3 Electricite de France Service National
163.62.104.0,163.62.111.255,0,None,Not routed
163.62.112.0,163.62.116.255,1301,EU,FR-EDFDPT3 Electricite de France Service National
163.62.117.0,163.62.117.255,0,None,Not routed
163.62.118.0,163.62.129.255,1301,EU,FR-EDFDPT3 Electricite de France Service National
163.62.130.0,163.62.131.255,0,None,Not routed
163.62.132.0,163.62.135.255,1301,EU,FR-EDFDPT3 Electricite de France Service National
163.62.136.0,163.62.239.255,0,None,Not routed
163.62.240.0,163.62.255.255,1301,EU,FR-EDFDPT3 Electricite de France Service National
163.63.0.0,163.66.63.255,0,None,Not routed
163.66.64.0,163.66.127.255,36351,US,SOFTLAYER
163.66.128.0,163.68.63.255,0,None,Not routed
163.68.64.0,163.68.127.255,36351,US,SOFTLAYER
163.68.128.0,163.69.63.255,0,None,Not routed
163.69.64.0,163.69.127.255,36351,US,SOFTLAYER
163.69.128.0,163.73.63.255,0,None,Not routed
163.73.64.0,163.73.127.255,36351,US,SOFTLAYER
163.73.128.0,163.74.63.255,0,None,Not routed
163.74.64.0,163.74.127.255,36351,US,SOFTLAYER
163.74.128.0,163.75.63.255,0,None,Not routed
163.75.64.0,163.75.127.255,36351,US,SOFTLAYER
163.75.128.0,163.76.127.255,0,None,Not routed
163.76.128.0,163.76.255.255,14340,US,SALESFORCE
163.77.0.0,163.79.127.255,0,None,Not routed
163.79.128.0,163.79.255.255,14340,US,SALESFORCE
163.80.0.0,163.100.127.255,0,None,Not routed
163.100.128.0,163.100.131.255,207280,FR,GRDF-AS
163.100.132.0,163.102.63.255,0,None,Not routed
163.102.64.0,163.102.127.255,36351,US,SOFTLAYER
163.102.128.0,163.107.63.255,0,None,Not routed
163.107.64.0,163.107.127.255,36351,US,SOFTLAYER
163.107.128.0,163.108.143.255,0,None,Not routed
163.108.144.0,163.108.144.255,3215,FR,France Telecom - Orange
163.108.145.0,163.109.63.255,0,None,Not routed
163.109.64.0,163.109.127.255,36351,US,SOFTLAYER
163.109.128.0,163.113.1.255,0,None,Not routed
163.113.2.0,163.113.3.255,1301,EU,FR-EDFDPT3 Electricite de France Service National
163.113.4.0,163.113.13.255,0,None,Not routed
163.113.14.0,163.113.15.255,1301,EU,FR-EDFDPT3 Electricite de France Service National
163.113.16.0,163.114.19.255,0,None,Not routed
163.114.20.0,163.114.23.255,1301,EU,FR-EDFDPT3 Electricite de France Service National
163.114.24.0,163.114.31.255,0,None,Not routed
163.114.32.0,163.114.34.255,3215,FR,France Telecom - Orange
163.114.35.0,163.114.127.255,0,None,Not routed
163.114.128.0,163.114.133.255,54115,US,FACEBOOK-CORP
163.114.134.0,163.114.143.255,54115,US,FACEBOOK-CORP
163.114.144.0,163.114.145.255,15830,GB,EQUINIX
163.114.146.0,163.114.158.255,0,None,Not routed
163.114.159.0,163.114.159.255,213095,FR,EXAION
163.114.160.0,163.114.191.255,0,None,Not routed
163.114.192.0,163.114.196.255,62597,US,NSONE
163.114.197.0,163.114.198.255,395403,US,NS1-INFRA
163.114.199.0,163.114.203.255,62597,US,NSONE
163.114.204.0,163.114.204.255,136468,US,NSONEINC-AP NSONE INC.
163.114.205.0,163.114.217.255,62597,US,NSONE
163.114.218.0,163.114.223.255,0,None,Not routed
163.114.224.0,163.114.232.255,395403,US,NS1-INFRA
163.114.233.0,163.115.255.255,0,None,Not routed
163.116.0.0,163.116.11.255,1301,EU,FR-EDFDPT3 Electricite de France Service National
163.116.12.0,163.116.127.255,0,None,Not routed
163.116.128.0,163.116.188.255,55256,US,NETSKOPE
163.116.189.0,163.116.190.255,0,None,Not routed
163.116.191.0,163.116.195.255,55256,US,NETSKOPE
163.116.196.0,163.116.196.255,0,None,Not routed
163.116.197.0,163.116.208.255,55256,US,NETSKOPE
163.116.209.0,163.116.220.255,0,None,Not routed
163.116.221.0,163.116.231.255,55256,US,NETSKOPE
163.116.232.0,163.116.239.255,0,None,Not routed
163.116.240.0,163.116.240.255,55256,US,NETSKOPE
163.116.241.0,163.116.247.255,0,None,Not routed
163.116.248.0,163.116.249.255,55256,US,NETSKOPE
163.116.250.0,163.116.255.255,0,None,Not routed
163.117.0.0,163.117.255.255,766,ES,REDIRIS RedIRIS Autonomous System
163.118.0.0,163.118.255.255,31967,US,FLTECH
163.119.0.0,163.119.3.255,786,GB,JANET Jisc Services Limited
163.119.4.0,163.119.4.255,8851,GB,EDGE ta GCI Com
163.119.5.0,163.119.9.255,786,GB,JANET Jisc Services Limited
163.119.10.0,163.119.11.255,199055,GB,UKCLOUD-AS
163.119.12.0,163.119.255.255,786,GB,JANET Jisc Services Limited
163.120.0.0,163.120.2.255,1767,US,ILIGHT-NET
163.120.3.0,163.120.63.255,1767,US,ILIGHT-NET
163.120.64.0,163.120.68.255,396253,US,IBOSS-8-ASN
163.120.69.0,163.120.69.255,137922,US,IBOSS-AS-AP IBOSS Inc.
163.120.70.0,163.120.70.255,396253,US,IBOSS-8-ASN
163.120.71.0,163.120.79.255,0,None,Not routed
163.120.80.0,163.120.82.255,396253,US,IBOSS-8-ASN
163.120.83.0,163.120.83.255,0,None,Not routed
163.120.84.0,163.120.84.255,396253,US,IBOSS-8-ASN
163.120.85.0,163.120.85.255,0,None,Not routed
163.120.86.0,163.120.86.255,396253,US,IBOSS-8-ASN
163.120.87.0,163.120.88.255,0,None,Not routed
163.120.89.0,163.120.89.255,396253,US,IBOSS-8-ASN
163.120.90.0,163.120.95.255,0,None,Not routed
163.120.96.0,163.120.127.255,53913,CA,CITY-WIDE-COMMUNICATIONS
163.120.128.0,163.121.1.255,0,None,Not routed
163.121.2.0,163.121.10.255,6127,EG,IDSC
163.121.11.0,163.121.12.255,0,None,Not routed
163.121.13.0,163.121.23.255,6127,EG,IDSC
163.121.24.0,163.121.24.255,0,None,Not routed
163.121.25.0,163.121.30.255,6127,EG,IDSC
163.121.31.0,163.121.31.255,0,None,Not routed
163.121.32.0,163.121.32.255,6127,EG,IDSC
163.121.33.0,163.121.34.255,0,None,Not routed
163.121.35.0,163.121.37.255,6127,EG,IDSC
163.121.38.0,163.121.41.255,0,None,Not routed
163.121.42.0,163.121.42.255,6127,EG,IDSC
163.121.43.0,163.121.46.255,0,None,Not routed
163.121.47.0,163.121.47.255,6127,EG,IDSC
163.121.48.0,163.121.48.255,0,None,Not routed
163.121.49.0,163.121.49.255,6127,EG,IDSC
163.121.50.0,163.121.50.255,0,None,Not routed
163.121.51.0,163.121.52.255,6127,EG,IDSC
163.121.53.0,163.121.55.255,0,None,Not routed
163.121.56.0,163.121.56.255,6127,EG,IDSC
163.121.57.0,163.121.63.255,0,None,Not routed
163.121.64.0,163.121.64.255,6127,EG,IDSC
163.121.65.0,163.121.65.255,0,None,Not routed
163.121.66.0,163.121.66.255,6127,EG,IDSC
163.121.67.0,163.121.69.255,0,None,Not routed
163.121.70.0,163.121.72.255,6127,EG,IDSC
163.121.73.0,163.121.74.255,0,None,Not routed
163.121.75.0,163.121.75.255,6127,EG,IDSC
163.121.76.0,163.121.77.255,0,None,Not routed
163.121.78.0,163.121.78.255,6127,EG,IDSC
163.121.79.0,163.121.81.255,0,None,Not routed
163.121.82.0,163.121.82.255,6127,EG,IDSC
163.121.83.0,163.121.91.255,0,None,Not routed
163.121.92.0,163.121.93.255,6127,EG,IDSC
163.121.94.0,163.121.96.255,0,None,Not routed
163.121.97.0,163.121.97.255,6127,EG,IDSC
163.121.98.0,163.121.98.255,0,None,Not routed
163.121.99.0,163.121.99.255,6127,EG,IDSC
163.121.100.0,163.121.100.255,0,None,Not routed
163.121.101.0,163.121.101.255,6127,EG,IDSC
163.121.102.0,163.121.102.255,0,None,Not routed
163.121.103.0,163.121.103.255,6127,EG,IDSC
163.121.104.0,163.121.116.255,0,None,Not routed
163.121.117.0,163.121.117.255,6127,EG,IDSC
163.121.118.0,163.121.125.255,0,None,Not routed
163.121.126.0,163.121.126.255,6127,EG,IDSC
163.121.127.0,163.121.127.255,0,None,Not routed
163.121.128.0,163.121.129.255,8452,EG,TE-AS TE-AS
163.121.130.0,163.121.134.255,8452,EG,TE-AS TE-AS
163.121.135.0,163.121.142.255,8452,EG,TE-AS TE-AS
163.121.143.0,163.121.144.255,8452,EG,TE-AS TE-AS
163.121.145.0,163.121.155.255,8452,EG,TE-AS TE-AS
163.121.156.0,163.121.158.255,8452,EG,TE-AS TE-AS
163.121.159.0,163.121.160.255,8452,EG,TE-AS TE-AS
163.121.161.0,163.121.162.255,8452,EG,TE-AS TE-AS
163.121.163.0,163.121.165.255,8452,EG,TE-AS TE-AS
163.121.166.0,163.121.166.255,37112,Unknown,AS37112
163.121.167.0,163.121.170.255,8452,EG,TE-AS TE-AS
163.121.171.0,163.121.177.255,8452,EG,TE-AS TE-AS
163.121.178.0,163.121.187.255,8452,EG,TE-AS TE-AS
163.121.188.0,163.121.188.255,36935,EG,Vodafone-
163.121.189.0,163.121.192.255,8452,EG,TE-AS TE-AS
163.121.193.0,163.121.194.255,8452,EG,TE-AS TE-AS
163.121.195.0,163.121.206.255,8452,EG,TE-AS TE-AS
163.121.207.0,163.121.221.255,8452,EG,TE-AS TE-AS
163.121.222.0,163.121.226.255,8452,EG,TE-AS TE-AS
163.121.227.0,163.121.229.255,8452,EG,TE-AS TE-AS
163.121.230.0,163.121.248.255,8452,EG,TE-AS TE-AS
163.121.249.0,163.121.252.255,8452,EG,TE-AS TE-AS
163.121.253.0,163.121.255.255,8452,EG,TE-AS TE-AS
163.122.0.0,163.122.255.255,0,None,Not routed
163.123.0.0,163.123.127.255,11232,US,MIDCO-NET
163.123.128.0,163.123.131.255,398871,US,STRIVETECH-WA
163.123.132.0,163.123.132.255,398835,US,LINKED-LAKES
163.123.133.0,163.123.133.255,398899,US,ECLINICALWORKS-CORP
163.123.134.0,163.123.135.255,21757,US,HTC-COMM
163.123.136.0,163.123.136.255,395725,US,USACS-1001
163.123.137.0,163.123.137.255,398953,US,ABC-WAREHOUSE
163.123.138.0,163.123.138.255,29802,US,HVC-AS
163.123.139.0,163.123.139.255,398886,US,PEC-AS-01
163.123.140.0,163.123.141.255,213035,NL,AS-SERVERION Serverion B.V.
163.123.142.0,163.123.142.255,399471,US,AS-SERVERION
163.123.143.0,163.123.143.255,211252,US,AS_DELIS
163.123.144.0,163.123.147.255,0,None,Not routed
163.123.148.0,163.123.151.255,397324,US,CELERITY-NETWORKS-01
163.123.152.0,163.123.152.255,0,None,Not routed
163.123.153.0,163.123.153.255,40916,US,EVALSE
163.123.154.0,163.123.154.255,0,None,Not routed
163.123.155.0,163.123.155.255,23470,US,RELIABLESITE
163.123.156.0,163.123.159.255,395993,US,LBINTERNET
163.123.160.0,163.123.161.255,40146,US,RTCONN-LAS
163.123.162.0,163.123.162.255,0,None,Not routed
163.123.163.0,163.123.163.255,399561,US,RTCONN-CDN
163.123.164.0,163.123.167.255,33346,US,MONSTERBROADBAND
163.123.168.0,163.123.171.255,40895,CA,ISF-QUEBEC
163.123.172.0,163.123.172.255,14618,US,AMAZON-AES
163.123.173.0,163.123.174.255,16509,US,AMAZON-02
163.123.175.0,163.123.175.255,14618,US,AMAZON-AES
163.123.176.0,163.123.176.255,0,None,Not routed
163.123.177.0,163.123.177.255,393706,US,NELSONCABLE
163.123.178.0,163.123.179.255,31867,US,SCHWARTZNET-HES
163.123.180.0,163.123.181.255,33387,US,NOCIX
163.123.182.0,163.123.183.255,32097,US,WII
163.123.184.0,163.123.187.255,399137,CA,TEC-20
163.123.188.0,163.123.188.255,0,None,Not routed
163.123.189.0,163.123.189.255,40272,US,ALLENINSTITUTE
163.123.190.0,163.123.192.255,0,None,Not routed
163.123.193.0,163.123.193.255,36231,US,TEMPEST-HOSTING
163.123.194.0,163.123.194.255,398395,US,DOT-TECH-LLC
163.123.195.0,163.123.195.255,36231,US,TEMPEST-HOSTING
163.123.196.0,163.123.196.255,393728,US,WSMEDIA
163.123.197.0,163.123.197.255,3356,US,LEVEL3
163.123.198.0,163.123.203.255,0,None,Not routed
163.123.204.0,163.123.207.255,13830,US,NEXRIL
163.123.208.0,163.123.211.255,396107,US,3CI-CRYSTAL-BEACH
163.123.212.0,163.123.215.255,5056,US,AUREON-5056
163.123.216.0,163.123.216.255,398888,US,RAPIDWIRELESS
163.123.217.0,163.123.217.255,0,None,Not routed
163.123.218.0,163.123.218.255,396189,US,ABI
163.123.219.0,163.123.219.255,398724,US,AMAW
163.123.220.0,163.123.223.255,7018,US,ATT-INTERNET4
163.123.224.0,163.123.225.255,0,None,Not routed
163.123.226.0,163.123.226.255,12201,US,SCC-LAKELAND
163.123.227.0,163.123.227.255,398926,US,SCCC-01
163.123.228.0,163.123.231.255,22113,CA,BELAIR-TECHNOLOGIES
163.123.232.0,163.123.235.255,0,None,Not routed
163.123.236.0,163.123.239.255,398860,US,SWELL
163.123.240.0,163.123.243.255,62759,US,RUCLS1
163.123.244.0,163.123.244.255,398868,US,INSPIRE-NET
163.123.245.0,163.123.245.255,35251,CA,NETLAB
163.123.246.0,163.123.247.255,11633,US,4LIFE-HOLDINGS-LLC
163.123.248.0,163.123.251.255,0,None,Not routed
163.123.252.0,163.123.255.255,11738,US,BLIP-NETWORKS
163.124.0.0,163.124.47.255,0,None,Not routed
163.124.48.0,163.124.52.255,18211,IN,NOMURAINDIA-AS-AP Nomura India Services Pvt Ltd
163.124.53.0,163.124.56.255,18211,IN,NOMURAINDIA-AS-AP Nomura India Services Pvt Ltd
163.124.57.0,163.124.60.255,18211,IN,NOMURAINDIA-AS-AP Nomura India Services Pvt Ltd
163.124.61.0,163.124.69.255,18211,IN,NOMURAINDIA-AS-AP Nomura India Services Pvt Ltd
163.124.70.0,163.124.75.255,0,None,Not routed
163.124.76.0,163.124.77.255,18211,IN,NOMURAINDIA-AS-AP Nomura India Services Pvt Ltd
163.124.78.0,163.124.78.255,0,None,Not routed
163.124.79.0,163.124.79.255,18211,IN,NOMURAINDIA-AS-AP Nomura India Services Pvt Ltd
163.124.80.0,163.124.87.255,0,None,Not routed
163.124.88.0,163.124.88.255,18211,IN,NOMURAINDIA-AS-AP Nomura India Services Pvt Ltd
163.124.89.0,163.124.255.255,0,None,Not routed
163.125.0.0,163.125.194.255,17623,CN,CNCGROUP-SZ China Unicom Shenzen network
163.125.195.0,163.125.251.255,17623,CN,CNCGROUP-SZ China Unicom Shenzen network
163.125.252.0,163.125.255.255,17623,CN,CNCGROUP-SZ China Unicom Shenzen network
163.126.0.0,163.126.255.255,1761,US,TDIR-CAPNET
163.127.0.0,163.127.1.255,0,None,Not routed
163.127.2.0,163.127.3.255,9555,AU,VZB-AU-AS Verizon Australia PTY Limited
163.127.4.0,163.127.125.255,0,None,Not routed
163.127.126.0,163.127.127.255,7474,AU,OPTUSCOM-AS01-AU SingTel Optus Pty Ltd
163.127.128.0,163.129.255.255,0,None,Not routed
163.130.0.0,163.130.255.255,2907,JP,SINET-AS Research Organization of Information and Systems, National Institute of Informatics
163.131.0.0,163.131.31.255,59107,JP,HTV-NET Hachinohe Cable Television Co.
163.131.32.0,163.131.63.255,10000,JP,NCM Nagasaki Cable Media Inc.
163.131.64.0,163.131.103.255,38628,JP,WINK-NET HIMEJI CABLE TELEVISION CORPORATION
163.131.104.0,163.131.111.255,18135,JP,BTV BTV Cable Television CO.,LTD.
163.131.112.0,163.131.191.255,131916,JP,BAYNET Tokyo Bay Network Co.,Ltd.
163.131.192.0,163.131.255.255,131918,JP,SCN-NET SHONAN CABLE NETWORK
163.132.0.0,163.133.255.255,0,None,Not routed
163.134.0.0,163.134.255.255,2907,JP,SINET-AS Research Organization of Information and Systems, National Institute of Informatics
163.135.0.0,163.135.255.255,4673,JP,INTERVIA NTT DATA CORPORATION
163.136.0.0,163.136.255.255,2907,JP,SINET-AS Research Organization of Information and Systems, National Institute of Informatics
163.137.0.0,163.137.159.255,17516,JP,NTTCOMWARE NTT COMWARE CORPORATION
163.137.160.0,163.137.191.255,17516,JP,NTTCOMWARE NTT COMWARE CORPORATION
163.137.192.0,163.137.201.255,17516,JP,NTTCOMWARE NTT COMWARE CORPORATION
163.137.202.0,163.137.255.255,17516,JP,NTTCOMWARE NTT COMWARE CORPORATION
163.138.0.0,163.138.159.255,2511,JP,CORE NTT
163.138.160.0,163.138.191.255,173,JP,ERX-ECLNET Electrical Communications Laboratories
163.138.192.0,163.138.223.255,59091,JP,KAIT-NWLAB Kanagawa Institute of Technology
163.138.224.0,163.138.239.255,38639,JP,HANABI NTT Communications Corporation
163.138.240.0,163.138.240.255,38639,JP,HANABI NTT Communications Corporation
163.138.241.0,163.138.242.255,18259,JP,HIGE NTT Communications Corporation
163.138.243.0,163.138.253.255,38639,JP,HANABI NTT Communications Corporation
163.138.254.0,163.138.254.255,18131,JP,IR3 NTT Communications Corporation, Digital Transformation
163.138.255.0,163.138.255.255,38639,JP,HANABI NTT Communications Corporation
163.139.0.0,163.139.255.255,2519,JP,VECTANT ARTERIA Networks Corporation
163.140.0.0,163.141.255.255,0,None,Not routed
163.142.0.0,163.142.255.255,17816,CN,CHINA169-GZ China Unicom IP network China169 Guangdong province
163.143.0.0,163.143.255.255,2907,JP,SINET-AS Research Organization of Information and Systems, National Institute of Informatics
163.144.0.0,163.144.253.255,0,None,Not routed
163.144.254.0,163.144.254.255,49274,DE,TAKEDA-GERMANY
163.144.255.0,163.144.255.255,0,None,Not routed
163.145.0.0,163.145.255.255,2907,JP,SINET-AS Research Organization of Information and Systems, National Institute of Informatics
163.146.0.0,163.147.255.255,0,None,Not routed
163.148.0.0,163.148.255.255,2907,JP,SINET-AS Research Organization of Information and Systems, National Institute of Informatics
163.149.0.0,163.149.255.255,0,None,Not routed
163.150.0.0,163.150.40.255,22315,US,SBCSS
163.150.41.0,163.150.53.255,22315,US,SBCSS
163.150.54.0,163.150.66.255,22315,US,SBCSS
163.150.67.0,163.150.100.255,22315,US,SBCSS
163.150.101.0,163.150.103.255,22315,US,SBCSS
163.150.104.0,163.150.109.255,22315,US,SBCSS
163.150.110.0,163.150.113.255,22315,US,SBCSS
163.150.114.0,163.150.137.255,22315,US,SBCSS
163.150.138.0,163.150.142.255,22315,US,SBCSS
163.150.143.0,163.150.145.255,22315,US,SBCSS
163.150.146.0,163.150.151.255,22315,US,SBCSS
163.150.152.0,163.150.168.255,22315,US,SBCSS
163.150.169.0,163.150.171.255,22315,US,SBCSS
163.150.172.0,163.150.243.255,22315,US,SBCSS
163.150.244.0,163.150.246.255,2152,US,CSUNET-NW
163.150.247.0,163.150.255.255,22315,US,SBCSS
163.151.0.0,163.151.7.255,36161,US,WESTCHESTERCOUNTY-NY
163.151.8.0,163.151.255.255,36161,US,WESTCHESTERCOUNTY-NY
163.152.0.0,163.152.143.255,9452,KR,KUNET-AS Korea University
163.152.144.0,163.152.151.255,38113,KR,KUMC-AS-KR KUMC
163.152.152.0,163.152.202.255,9452,KR,KUNET-AS Korea University
163.152.203.0,163.152.239.255,3786,KR,LGDACOM LG DACOM Corporation
163.152.240.0,163.152.255.255,9452,KR,KUNET-AS Korea University
163.153.0.0,163.153.201.255,22693,US,NERIC
163.153.202.0,163.153.231.255,22693,US,NERIC
163.153.232.0,163.153.255.255,22693,US,NERIC
163.154.0.0,163.155.238.255,0,None,Not routed
163.155.239.0,163.155.248.255,397344,CA,CMHC-SCHL
163.155.249.0,163.156.207.255,0,None,Not routed
163.156.208.0,163.156.221.255,24949,GB,BTCML-AXA-AS
163.156.222.0,163.156.223.255,24949,GB,BTCML-AXA-AS
163.156.224.0,163.156.255.255,0,None,Not routed
163.157.0.0,163.157.255.255,13063,SE,Gothenburg
163.158.0.0,163.158.255.255,15435,NL,KABELFOON DELTA Fiber Nederland
163.159.0.0,163.159.127.255,58046,SI,HKOM-AS
163.159.128.0,163.159.255.255,2107,SI,ARNES-NET Academic and Research Network of Slovenia
163.160.0.0,163.160.251.255,0,None,Not routed
163.160.252.0,163.160.252.255,13009,GB,VDATA
163.160.253.0,163.160.255.255,0,None,Not routed
163.161.0.0,163.161.255.255,8803,CH,MIGROS
163.162.0.0,163.162.87.255,5609,IT,ASN-CSELT # AS-CSELT CONVERTED TO ASN-CSELT FOR RPSL COMPLIANCE
163.162.88.0,163.162.88.255,3269,IT,ASN-IBSNAZ
163.162.89.0,163.162.255.255,5609,IT,ASN-CSELT # AS-CSELT CONVERTED TO ASN-CSELT FOR RPSL COMPLIANCE
163.163.0.0,163.163.255.255,0,None,Not routed
163.164.0.0,163.164.5.255,211124,FR,CGI-UK-AS
163.164.6.0,163.164.7.255,211124,FR,CGI-UK-AS
163.164.8.0,163.164.17.255,0,None,Not routed
163.164.18.0,163.164.19.255,211124,FR,CGI-UK-AS
163.164.20.0,163.164.37.255,0,None,Not routed
163.164.38.0,163.164.39.255,211124,FR,CGI-UK-AS
163.164.40.0,163.164.63.255,0,None,Not routed
163.164.64.0,163.164.65.255,211124,FR,CGI-UK-AS
163.164.66.0,163.164.105.255,0,None,Not routed
163.164.106.0,163.164.108.255,211124,FR,CGI-UK-AS
163.164.109.0,163.164.109.255,211124,FR,CGI-UK-AS
163.164.110.0,163.164.117.255,0,None,Not routed
163.164.118.0,163.164.121.255,211124,FR,CGI-UK-AS
163.164.122.0,163.164.223.255,0,None,Not routed
163.164.224.0,163.164.227.255,211124,FR,CGI-UK-AS
163.164.228.0,163.164.231.255,0,None,Not routed
163.164.232.0,163.164.235.255,211124,FR,CGI-UK-AS
163.164.236.0,163.165.191.255,0,None,Not routed
163.165.192.0,163.165.255.255,31705,DE,EUMETSAT-OPS
163.166.0.0,163.166.35.255,15914,GB,British Airways
163.166.36.0,163.166.37.255,15914,GB,British Airways
163.166.38.0,163.166.43.255,15914,GB,British Airways
163.166.44.0,163.166.52.255,15914,GB,British Airways
163.166.53.0,163.166.54.255,15914,GB,British Airways
163.166.55.0,163.166.57.255,15914,GB,British Airways
163.166.58.0,163.166.95.255,15914,GB,British Airways
163.166.96.0,163.166.98.255,15914,GB,British Airways
163.166.99.0,163.166.134.255,15914,GB,British Airways
163.166.135.0,163.166.138.255,15914,GB,British Airways
163.166.139.0,163.166.154.255,15914,GB,British Airways
163.166.155.0,163.166.156.255,15914,GB,British Airways
163.166.157.0,163.166.158.255,15914,GB,British Airways
163.166.159.0,163.166.255.255,15914,GB,British Airways
163.167.0.0,163.167.255.255,786,GB,JANET Jisc Services Limited
163.168.0.0,163.170.127.255,0,None,Not routed
163.170.128.0,163.170.143.255,39552,GB,AHR-AS
163.170.144.0,163.170.144.255,0,None,Not routed
163.170.145.0,163.170.145.255,39552,GB,AHR-AS
163.170.146.0,163.170.255.255,0,None,Not routed
163.171.0.0,163.171.63.255,204222,GB,HMRC-AS
163.171.64.0,163.171.71.255,0,None,Not routed
163.171.72.0,163.171.76.255,38107,KR,CDNETWORKS-AS-KR CDNetworks
163.171.77.0,163.171.77.255,0,None,Not routed
163.171.78.0,163.171.79.255,38107,KR,CDNETWORKS-AS-KR CDNetworks
163.171.80.0,163.171.81.255,0,None,Not routed
163.171.82.0,163.171.83.255,54994,US,QUANTILNETWORKS
163.171.84.0,163.171.91.255,0,None,Not routed
163.171.92.0,163.171.93.255,38107,KR,CDNETWORKS-AS-KR CDNetworks
163.171.94.0,163.171.94.255,0,None,Not routed
163.171.95.0,163.171.95.255,38107,KR,CDNETWORKS-AS-KR CDNetworks
163.171.96.0,163.171.96.255,54994,US,QUANTILNETWORKS
163.171.97.0,163.171.98.255,0,None,Not routed
163.171.99.0,163.171.100.255,54994,US,QUANTILNETWORKS
163.171.101.0,163.171.106.255,0,None,Not routed
163.171.107.0,163.171.107.255,38107,KR,CDNETWORKS-AS-KR CDNetworks
163.171.108.0,163.171.108.255,0,None,Not routed
163.171.109.0,163.171.109.255,54994,US,QUANTILNETWORKS
163.171.110.0,163.171.110.255,0,None,Not routed
163.171.111.0,163.171.111.255,38107,KR,CDNETWORKS-AS-KR CDNetworks
163.171.112.0,163.171.112.255,0,None,Not routed
163.171.113.0,163.171.113.255,54994,US,QUANTILNETWORKS
163.171.114.0,163.171.114.255,0,None,Not routed
163.171.115.0,163.171.115.255,54994,US,QUANTILNETWORKS
163.171.116.0,163.171.123.255,0,None,Not routed
163.171.124.0,163.171.147.255,54994,US,QUANTILNETWORKS
163.171.148.0,163.171.148.255,0,None,Not routed
163.171.149.0,163.171.152.255,54994,US,QUANTILNETWORKS
163.171.153.0,163.171.153.255,204720,RU,CDNETWORKS
163.171.154.0,163.171.177.255,54994,US,QUANTILNETWORKS
163.171.178.0,163.171.178.255,36408,US,CDNETWORKSUS-02
163.171.179.0,163.171.190.255,54994,US,QUANTILNETWORKS
163.171.191.0,163.171.192.255,18004,ID,WIRELESSNET-ID PT WIRELESS INDONESIA  WIN
163.171.193.0,163.171.194.255,54994,US,QUANTILNETWORKS
163.171.195.0,163.171.195.255,23700,ID,FASTNET-AS-ID Linknet-Fastnet ASN
163.171.196.0,163.171.214.255,54994,US,QUANTILNETWORKS
163.171.215.0,163.171.216.255,48737,TR,DORATELEKOM
163.171.217.0,163.171.217.255,54994,US,QUANTILNETWORKS
163.171.218.0,163.171.218.255,36408,US,CDNETWORKSUS-02
163.171.219.0,163.171.222.255,54994,US,QUANTILNETWORKS
163.171.223.0,163.171.223.255,23700,ID,FASTNET-AS-ID Linknet-Fastnet ASN
163.171.224.0,163.171.225.255,0,None,Not routed
163.171.226.0,163.171.233.255,54994,US,QUANTILNETWORKS
163.171.234.0,163.171.234.255,0,None,Not routed
163.171.235.0,163.171.245.255,54994,US,QUANTILNETWORKS
163.171.246.0,163.171.247.255,0,None,Not routed
163.171.248.0,163.171.250.255,54994,US,QUANTILNETWORKS
163.171.251.0,163.171.251.255,0,None,Not routed
163.171.252.0,163.171.252.255,54994,US,QUANTILNETWORKS
163.171.253.0,163.171.255.255,0,None,Not routed
163.172.0.0,163.172.25.117,12876,FR,Online SAS
163.172.25.118,163.172.25.118,38726,VN,VTCDIGICOM-AS-VN VTC DIGICOM
163.172.25.119,163.172.153.11,12876,FR,Online SAS
163.172.153.12,163.172.153.12,38726,VN,VTCDIGICOM-AS-VN VTC DIGICOM
163.172.153.13,163.172.185.131,12876,FR,Online SAS
163.172.185.132,163.172.185.132,38726,VN,VTCDIGICOM-AS-VN VTC DIGICOM
163.172.185.133,163.172.223.255,12876,FR,Online SAS
163.172.224.0,163.172.255.255,12876,FR,Online SAS
163.173.0.0,163.173.255.255,2200,FR,FR-RENATER Reseau National de telecommunications pour la Technologie
163.174.0.0,163.174.63.255,57506,NO,ASN-PDMT
163.174.64.0,163.174.95.255,0,None,Not routed
163.174.96.0,163.174.100.255,25400,NO,TELIA-NORWAY-AS Telia Norway Core Networks
163.174.101.0,163.174.113.255,0,None,Not routed
163.174.114.0,163.174.114.255,25400,NO,TELIA-NORWAY-AS Telia Norway Core Networks
163.174.115.0,163.174.115.255,60270,NO,ASN-JUSTIS
163.174.116.0,163.174.127.255,56538,NO,ASN-NETACCESS
163.174.128.0,163.176.255.255,0,None,Not routed
163.177.0.0,163.177.7.255,136958,CN,UNICOM-GUANGZHOU-IDC China Unicom Guangdong IP network
163.177.8.0,163.177.8.255,17816,CN,CHINA169-GZ China Unicom IP network China169 Guangdong province
163.177.9.0,163.177.11.255,136958,CN,UNICOM-GUANGZHOU-IDC China Unicom Guangdong IP network
163.177.12.0,163.177.12.255,17816,CN,CHINA169-GZ China Unicom IP network China169 Guangdong province
163.177.13.0,163.177.16.255,136958,CN,UNICOM-GUANGZHOU-IDC China Unicom Guangdong IP network
163.177.17.0,163.177.19.255,17816,CN,CHINA169-GZ China Unicom IP network China169 Guangdong province
163.177.20.0,163.177.22.255,136958,CN,UNICOM-GUANGZHOU-IDC China Unicom Guangdong IP network
163.177.23.0,163.177.23.255,17816,CN,CHINA169-GZ China Unicom IP network China169 Guangdong province
163.177.24.0,163.177.33.255,136958,CN,UNICOM-GUANGZHOU-IDC China Unicom Guangdong IP network
163.177.34.0,163.177.35.255,17816,CN,CHINA169-GZ China Unicom IP network China169 Guangdong province
163.177.36.0,163.177.47.255,136958,CN,UNICOM-GUANGZHOU-IDC China Unicom Guangdong IP network
163.177.48.0,163.177.55.255,17816,CN,CHINA169-GZ China Unicom IP network China169 Guangdong province
163.177.56.0,163.177.62.255,17623,CN,CNCGROUP-SZ China Unicom Shenzen network
163.177.63.0,163.177.63.255,135061,CN,UNICOM-SHENZHEN-IDC China Unicom Guangdong IP network
163.177.64.0,163.177.74.255,17623,CN,CNCGROUP-SZ China Unicom Shenzen network
163.177.75.0,163.177.76.255,135061,CN,UNICOM-SHENZHEN-IDC China Unicom Guangdong IP network
163.177.77.0,163.177.77.255,17623,CN,CNCGROUP-SZ China Unicom Shenzen network
163.177.78.0,163.177.79.255,135061,CN,UNICOM-SHENZHEN-IDC China Unicom Guangdong IP network
163.177.80.0,163.177.94.255,17623,CN,CNCGROUP-SZ China Unicom Shenzen network
163.177.95.0,163.177.95.255,135061,CN,UNICOM-SHENZHEN-IDC China Unicom Guangdong IP network
163.177.96.0,163.177.135.255,17816,CN,CHINA169-GZ China Unicom IP network China169 Guangdong province
163.177.136.0,163.177.143.255,17622,CN,CNCGROUP-GZ China Unicom Guangzhou network
163.177.144.0,163.177.151.255,136958,CN,UNICOM-GUANGZHOU-IDC China Unicom Guangdong IP network
163.177.152.0,163.177.159.255,136959,CN,UNICOM-FUOSHAN-IDC China Unicom Guangdong IP network
163.177.160.0,163.177.215.255,17816,CN,CHINA169-GZ China Unicom IP network China169 Guangdong province
163.177.216.0,163.177.223.255,134543,CN,UNICOM-DONGGUAN-IDC China Unicom Guangdong IP network
163.177.224.0,163.177.255.255,17816,CN,CHINA169-GZ China Unicom IP network China169 Guangdong province
163.178.0.0,163.178.7.255,11830,CR,Instituto Costarricense de Electricidad y Telecom.
163.178.8.0,163.178.8.255,263683,CR,Universidad de Costa Rica
163.178.9.0,163.178.15.255,11830,CR,Instituto Costarricense de Electricidad y Telecom.
163.178.16.0,163.178.19.255,263683,CR,Universidad de Costa Rica
163.178.20.0,163.178.47.255,11830,CR,Instituto Costarricense de Electricidad y Telecom.
163.178.48.0,163.178.69.255,263683,CR,Universidad de Costa Rica
163.178.70.0,163.178.70.255,11830,CR,Instituto Costarricense de Electricidad y Telecom.
163.178.71.0,163.178.77.255,263683,CR,Universidad de Costa Rica
163.178.78.0,163.178.78.255,11830,CR,Instituto Costarricense de Electricidad y Telecom.
163.178.79.0,163.178.79.255,263683,CR,Universidad de Costa Rica
163.178.80.0,163.178.80.255,11830,CR,Instituto Costarricense de Electricidad y Telecom.
163.178.81.0,163.178.89.255,263683,CR,Universidad de Costa Rica
163.178.90.0,163.178.90.255,11830,CR,Instituto Costarricense de Electricidad y Telecom.
163.178.91.0,163.178.95.255,263683,CR,Universidad de Costa Rica
163.178.96.0,163.178.97.255,11830,CR,Instituto Costarricense de Electricidad y Telecom.
163.178.98.0,163.178.98.255,263683,CR,Universidad de Costa Rica
163.178.99.0,163.178.99.255,11830,CR,Instituto Costarricense de Electricidad y Telecom.
163.178.100.0,163.178.127.255,263683,CR,Universidad de Costa Rica
163.178.128.0,163.178.155.255,11830,CR,Instituto Costarricense de Electricidad y Telecom.
163.178.156.0,163.178.159.255,11830,CR,Instituto Costarricense de Electricidad y Telecom.
163.178.160.0,163.178.191.255,263683,CR,Universidad de Costa Rica
163.178.192.0,163.178.207.255,11830,CR,Instituto Costarricense de Electricidad y Telecom.
163.178.208.0,163.178.239.255,263683,CR,Universidad de Costa Rica
163.178.240.0,163.178.255.255,263683,CR,Universidad de Costa Rica
163.179.0.0,163.179.255.255,17816,CN,CHINA169-GZ China Unicom IP network China169 Guangdong province
163.180.0.0,163.180.191.255,17870,KR,KHU-AS-KR Kyung Hee University
163.180.192.0,163.180.240.255,0,None,Not routed
163.180.241.0,163.180.241.255,17870,KR,KHU-AS-KR Kyung Hee University
163.180.242.0,163.180.255.255,0,None,Not routed
163.181.0.0,163.181.2.255,24429,CN,TAOBAO Zhejiang Taobao Network Co.,Ltd
163.181.3.0,163.181.14.255,0,None,Not routed
163.181.15.0,163.181.19.255,24429,CN,TAOBAO Zhejiang Taobao Network Co.,Ltd
163.181.20.0,163.181.21.255,0,None,Not routed
163.181.22.0,163.181.23.255,24429,CN,TAOBAO Zhejiang Taobao Network Co.,Ltd
163.181.24.0,163.181.24.255,18004,ID,WIRELESSNET-ID PT WIRELESS INDONESIA  WIN
163.181.25.0,163.181.26.255,24429,CN,TAOBAO Zhejiang Taobao Network Co.,Ltd
163.181.27.0,163.181.27.255,18004,ID,WIRELESSNET-ID PT WIRELESS INDONESIA  WIN
163.181.28.0,163.181.28.255,24429,CN,TAOBAO Zhejiang Taobao Network Co.,Ltd
163.181.29.0,163.181.31.255,0,None,Not routed
163.181.32.0,163.181.36.255,24429,CN,TAOBAO Zhejiang Taobao Network Co.,Ltd
163.181.37.0,163.181.37.255,0,None,Not routed
163.181.38.0,163.181.40.255,24429,CN,TAOBAO Zhejiang Taobao Network Co.,Ltd
163.181.41.0,163.181.41.255,0,None,Not routed
163.181.42.0,163.181.44.255,24429,CN,TAOBAO Zhejiang Taobao Network Co.,Ltd
163.181.45.0,163.181.48.255,0,None,Not routed
163.181.49.0,163.181.50.255,24429,CN,TAOBAO Zhejiang Taobao Network Co.,Ltd
163.181.51.0,163.181.51.255,0,None,Not routed
163.181.52.0,163.181.52.255,24429,CN,TAOBAO Zhejiang Taobao Network Co.,Ltd
163.181.53.0,163.181.55.255,0,None,Not routed
163.181.56.0,163.181.57.255,24429,CN,TAOBAO Zhejiang Taobao Network Co.,Ltd
163.181.58.0,163.181.60.255,0,None,Not routed
163.181.61.0,163.181.62.255,24429,CN,TAOBAO Zhejiang Taobao Network Co.,Ltd
163.181.63.0,163.181.63.255,0,None,Not routed
163.181.64.0,163.181.67.255,24429,CN,TAOBAO Zhejiang Taobao Network Co.,Ltd
163.181.68.0,163.181.69.255,0,None,Not routed
163.181.70.0,163.181.74.255,24429,CN,TAOBAO Zhejiang Taobao Network Co.,Ltd
163.181.75.0,163.181.76.255,0,None,Not routed
163.181.77.0,163.181.83.255,24429,CN,TAOBAO Zhejiang Taobao Network Co.,Ltd
163.181.84.0,163.181.84.255,0,None,Not routed
163.181.85.0,163.181.85.255,24429,CN,TAOBAO Zhejiang Taobao Network Co.,Ltd
163.181.86.0,163.181.87.255,0,None,Not routed
163.181.88.0,163.181.92.255,24429,CN,TAOBAO Zhejiang Taobao Network Co.,Ltd
163.181.93.0,163.181.93.255,0,None,Not routed
163.181.94.0,163.181.94.255,24429,CN,TAOBAO Zhejiang Taobao Network Co.,Ltd
163.181.95.0,163.181.98.255,0,None,Not routed
163.181.99.0,163.181.100.255,24429,CN,TAOBAO Zhejiang Taobao Network Co.,Ltd
163.181.101.0,163.181.103.255,0,None,Not routed
163.181.104.0,163.181.105.255,24429,CN,TAOBAO Zhejiang Taobao Network Co.,Ltd
163.181.106.0,163.181.111.255,0,None,Not routed
163.181.112.0,163.181.113.255,24429,CN,TAOBAO Zhejiang Taobao Network Co.,Ltd
163.181.114.0,163.181.115.255,0,None,Not routed
163.181.116.0,163.181.118.255,24429,CN,TAOBAO Zhejiang Taobao Network Co.,Ltd
163.181.119.0,163.181.119.255,0,None,Not routed
163.181.120.0,163.181.122.255,24429,CN,TAOBAO Zhejiang Taobao Network Co.,Ltd
163.181.123.0,163.181.255.255,0,None,Not routed
163.182.0.0,163.182.127.255,6181,US,FUSE-NET
163.182.128.0,163.182.130.255,18616,US,NATURALWIRELESS
163.182.131.0,163.182.154.255,18616,US,NATURALWIRELESS
163.182.155.0,163.182.161.255,18616,US,NATURALWIRELESS
163.182.162.0,163.182.163.255,62642,US,BIGLEAF
163.182.164.0,163.182.164.255,0,None,Not routed
163.182.165.0,163.182.165.255,64217,US,LTD BROADBAND
163.182.166.0,163.182.166.255,53463,US,AGC-01
163.182.167.0,163.182.167.255,62642,US,BIGLEAF
163.182.168.0,163.182.175.255,40244,US,TURNKEY-INTERNET
163.182.176.0,163.182.191.255,18615,US,MAINSTREAM-FIBER
163.182.192.0,163.182.219.255,395173,CA,AS-TCCL-18
163.182.220.0,163.182.227.255,11287,CA,AS-MSEA
163.182.228.0,163.182.255.255,395261,CA,AS-HCCL-7
163.183.0.0,163.183.255.255,0,None,Not routed
163.184.0.0,163.184.226.255,72,US,SCHLUMBERGER-AS
163.184.227.0,163.185.248.255,72,US,SCHLUMBERGER-AS
163.185.249.0,163.185.249.255,394437,US,PSLIGHTWAVE
163.185.250.0,163.186.255.255,72,US,SCHLUMBERGER-AS
163.187.0.0,163.187.255.255,0,None,Not routed
163.188.0.0,163.188.255.255,72,US,SCHLUMBERGER-AS
163.189.0.0,163.189.6.255,0,None,Not routed
163.189.7.0,163.189.7.255,55542,AU,RMSNET-AS-AP Roads and Maritime Services
163.189.8.0,163.189.46.255,0,None,Not routed
163.189.47.0,163.189.47.255,55542,AU,RMSNET-AS-AP Roads and Maritime Services
163.189.48.0,163.189.216.255,0,None,Not routed
163.189.217.0,163.189.217.255,55542,AU,RMSNET-AS-AP Roads and Maritime Services
163.189.218.0,163.190.255.255,0,None,Not routed
163.191.0.0,163.191.255.255,6325,US,ILLINOIS-CENTURY
163.192.0.0,163.193.255.255,0,None,Not routed
163.194.0.0,163.194.2.255,395610,US,NBASN-180
163.194.3.0,163.194.4.255,395610,US,NBASN-180
163.194.5.0,163.194.8.255,395610,US,NBASN-180
163.194.9.0,163.194.10.255,395610,US,NBASN-180
163.194.11.0,163.194.19.255,395610,US,NBASN-180
163.194.20.0,163.194.42.255,395610,US,NBASN-180
163.194.43.0,163.194.44.255,395610,US,NBASN-180
163.194.45.0,163.194.46.255,395610,US,NBASN-180
163.194.47.0,163.194.51.255,395610,US,NBASN-180
163.194.52.0,163.194.56.255,395610,US,NBASN-180
163.194.57.0,163.194.72.255,395610,US,NBASN-180
163.194.73.0,163.194.100.255,395610,US,NBASN-180
163.194.101.0,163.194.107.255,395610,US,NBASN-180
163.194.108.0,163.194.111.255,395610,US,NBASN-180
163.194.112.0,163.194.113.255,395610,US,NBASN-180
163.194.114.0,163.194.122.255,395610,US,NBASN-180
163.194.123.0,163.194.124.255,395610,US,NBASN-180
163.194.125.0,163.194.126.255,395610,US,NBASN-180
163.194.127.0,163.194.128.255,395610,US,NBASN-180
163.194.129.0,163.194.130.255,395610,US,NBASN-180
163.194.131.0,163.194.132.255,395610,US,NBASN-180
163.194.133.0,163.194.134.255,395610,US,NBASN-180
163.194.135.0,163.194.136.255,395610,US,NBASN-180
163.194.137.0,163.194.138.255,395610,US,NBASN-180
163.194.139.0,163.194.140.255,395610,US,NBASN-180
163.194.141.0,163.194.147.255,395610,US,NBASN-180
163.194.148.0,163.194.152.255,395610,US,NBASN-180
163.194.153.0,163.194.158.255,395610,US,NBASN-180
163.194.159.0,163.194.160.255,395610,US,NBASN-180
163.194.161.0,163.194.169.255,395610,US,NBASN-180
163.194.170.0,163.194.171.255,395610,US,NBASN-180
163.194.172.0,163.194.175.255,395610,US,NBASN-180
163.194.176.0,163.194.181.255,395610,US,NBASN-180
163.194.182.0,163.194.183.255,395610,US,NBASN-180
163.194.184.0,163.194.185.255,395610,US,NBASN-180
163.194.186.0,163.194.187.255,395610,US,NBASN-180
163.194.188.0,163.194.189.255,395610,US,NBASN-180
163.194.190.0,163.194.201.255,395610,US,NBASN-180
163.194.202.0,163.194.215.255,395610,US,NBASN-180
163.194.216.0,163.194.220.255,395610,US,NBASN-180
163.194.221.0,163.194.249.255,395610,US,NBASN-180
163.194.250.0,163.194.255.255,395610,US,NBASN-180
163.195.0.0,163.195.23.255,37130,Unknown,AS37130
163.195.24.0,163.195.38.255,37130,Unknown,AS37130
163.195.39.0,163.195.43.255,37130,Unknown,AS37130
163.195.44.0,163.195.255.255,37130,Unknown,AS37130
163.196.0.0,163.196.253.255,0,None,Not routed
163.196.254.0,163.196.255.255,3067,ZA,DENINF-IPLAN
163.197.0.0,163.197.31.255,137443,HK,ANCHGLOBAL-AS-AP Anchnet Asia Limited
163.197.32.0,163.197.32.255,58879,CN,ANCHNET Shanghai Anchang Network Security Technology Co.,Ltd.
163.197.33.0,163.197.33.255,137443,HK,ANCHGLOBAL-AS-AP Anchnet Asia Limited
163.197.34.0,163.197.34.255,0,None,Not routed
163.197.35.0,163.197.38.255,136897,HK,ENJOYVC-AS-AP Enjoyvc Cloud Group Limited.
163.197.39.0,163.197.39.255,139646,HK,HKMTC-AS-AP HONG KONG Megalayer Technology Co.,Limited
163.197.40.0,163.197.41.255,136933,HK,GIGABITBANK-AS-AP Gigabitbank Global
163.197.42.0,163.197.57.255,141159,HK,INCOMPARABLEHKNET-AS-AP IncomparableHKNetwork Co., Limited
163.197.58.0,163.197.59.255,136897,HK,ENJOYVC-AS-AP Enjoyvc Cloud Group Limited.
163.197.60.0,163.197.60.255,54600,US,PEGTECHINC
163.197.61.0,163.197.61.255,137443,HK,ANCHGLOBAL-AS-AP Anchnet Asia Limited
163.197.62.0,163.197.62.255,0,None,Not routed
163.197.63.0,163.197.63.255,55933,HK,CLOUDIE-AS-AP Cloudie Limited
163.197.64.0,163.197.191.255,140107,HK,CITISCLOUD-AS-AP CITIS CLOUD GROUP LIMITED
163.197.192.0,163.197.255.255,54600,US,PEGTECHINC
163.198.0.0,163.198.99.255,0,None,Not routed
163.198.100.0,163.198.111.255,262287,BR,Maxihost LTDA
163.198.112.0,163.198.115.255,396356,BR,MAXIHOST
163.198.116.0,163.198.123.255,262287,BR,Maxihost LTDA
163.198.124.0,163.198.131.255,0,None,Not routed
163.198.132.0,163.198.139.255,262287,BR,Maxihost LTDA
163.198.140.0,163.198.140.255,0,None,Not routed
163.198.141.0,163.198.141.255,63956,AU,COLO-AS-AP Colocation Australia Pty Ltd
163.198.142.0,163.198.142.255,0,None,Not routed
163.198.143.0,163.198.143.255,396356,BR,MAXIHOST
163.198.144.0,163.198.151.255,262287,BR,Maxihost LTDA
163.198.152.0,163.198.152.255,53999,CA,AS-PRIORITYCOLO2
163.198.153.0,163.198.155.255,0,None,Not routed
163.198.156.0,163.198.163.255,262287,BR,Maxihost LTDA
163.198.164.0,163.198.167.255,0,None,Not routed
163.198.168.0,163.198.175.255,262287,BR,Maxihost LTDA
163.198.176.0,163.198.183.255,0,None,Not routed
163.198.184.0,163.198.187.255,262287,BR,Maxihost LTDA
163.198.188.0,163.198.191.255,0,None,Not routed
163.198.192.0,163.198.195.255,262287,BR,Maxihost LTDA
163.198.196.0,163.198.199.255,0,None,Not routed
163.198.200.0,163.198.207.255,262287,BR,Maxihost LTDA
163.198.208.0,163.198.211.255,0,None,Not routed
163.198.212.0,163.198.215.255,262287,BR,Maxihost LTDA
163.198.216.0,163.198.216.255,0,None,Not routed
163.198.217.0,163.198.218.255,396356,BR,MAXIHOST
163.198.219.0,163.198.223.255,0,None,Not routed
163.198.224.0,163.198.225.255,396356,BR,MAXIHOST
163.198.226.0,163.198.231.255,0,None,Not routed
163.198.232.0,163.198.235.255,396356,BR,MAXIHOST
163.198.236.0,163.198.239.255,0,None,Not routed
163.198.240.0,163.198.243.255,262287,BR,Maxihost LTDA
163.198.244.0,163.199.6.255,0,None,Not routed
163.199.7.0,163.199.8.255,16800,Unknown,AS16800
163.199.9.0,163.199.75.255,0,None,Not routed
163.199.76.0,163.199.76.255,16800,Unknown,AS16800
163.199.77.0,163.199.95.255,0,None,Not routed
163.199.96.0,163.199.99.255,3741,ZA,IS
163.199.100.0,163.199.100.255,0,None,Not routed
163.199.101.0,163.199.101.255,3741,ZA,IS
163.199.102.0,163.199.103.255,0,None,Not routed
163.199.104.0,163.199.111.255,3741,ZA,IS
163.199.112.0,163.199.127.255,0,None,Not routed
163.199.128.0,163.199.129.255,16800,Unknown,AS16800
163.199.130.0,163.199.130.255,0,None,Not routed
163.199.131.0,163.199.131.255,16800,Unknown,AS16800
163.199.132.0,163.199.135.255,0,None,Not routed
163.199.136.0,163.199.136.255,3741,ZA,IS
163.199.137.0,163.199.149.255,0,None,Not routed
163.199.150.0,163.199.150.255,16800,Unknown,AS16800
163.199.151.0,163.199.222.255,0,None,Not routed
163.199.223.0,163.199.223.255,16800,Unknown,AS16800
163.199.224.0,163.199.255.255,0,None,Not routed
163.200.0.0,163.200.255.255,2018,ZA,TENET-1
163.201.0.0,163.201.7.255,0,None,Not routed
163.201.8.0,163.201.8.255,16800,Unknown,AS16800
163.201.9.0,163.201.127.255,0,None,Not routed
163.201.128.0,163.201.129.255,16800,Unknown,AS16800
163.201.130.0,163.201.130.255,0,None,Not routed
163.201.131.0,163.201.131.255,16800,Unknown,AS16800
163.201.132.0,163.201.149.255,0,None,Not routed
163.201.150.0,163.201.150.255,16800,Unknown,AS16800
163.201.151.0,163.201.222.255,0,None,Not routed
163.201.223.0,163.201.223.255,16800,Unknown,AS16800
163.201.224.0,163.201.224.255,0,None,Not routed
163.201.225.0,163.201.227.255,33763,Unknown,AS33763
163.201.228.0,163.201.255.255,0,None,Not routed
163.202.0.0,163.202.51.255,37007,Unknown,AS37007
163.202.52.0,163.202.148.255,37007,Unknown,AS37007
163.202.149.0,163.202.220.255,37007,Unknown,AS37007
163.202.221.0,163.202.229.255,37007,Unknown,AS37007
163.202.230.0,163.202.239.255,37007,Unknown,AS37007
163.202.240.0,163.202.255.255,37007,Unknown,AS37007
163.203.0.0,163.203.255.255,3741,ZA,IS
163.204.0.0,163.204.255.255,17816,CN,CHINA169-GZ China Unicom IP network China169 Guangdong province
163.205.0.0,163.206.255.255,1843,US,AS1843-7
163.207.0.0,163.207.255.255,749,US,DNIC-AS-00749
163.208.0.0,163.208.159.255,7502,JP,IP-KYOTO Advanced Software Technology & Management Research Institute of KYOTO
163.208.160.0,163.208.175.255,7502,JP,IP-KYOTO Advanced Software Technology & Management Research Institute of KYOTO
163.208.176.0,163.208.191.255,37914,JP,UNIVNET Advanced Software Technology and Management Research Institute of KYOTO
163.208.192.0,163.208.255.255,7502,JP,IP-KYOTO Advanced Software Technology & Management Research Institute of KYOTO
163.209.0.0,163.209.255.255,2907,JP,SINET-AS Research Organization of Information and Systems, National Institute of Informatics
163.210.0.0,163.210.255.255,2516,JP,KDDI KDDI CORPORATION
163.211.0.0,163.211.255.255,17512,JP,JAL Japan Airlines Co.,Ltd.
163.212.0.0,163.212.29.255,2907,JP,SINET-AS Research Organization of Information and Systems, National Institute of Informatics
163.212.30.0,163.212.255.255,2907,JP,SINET-AS Research Organization of Information and Systems, National Institute of Informatics
163.213.0.0,163.213.255.255,4766,KR,KIXS-AS-KR Korea Telecom
163.214.0.0,163.215.255.255,2907,JP,SINET-AS Research Organization of Information and Systems, National Institute of Informatics
163.216.0.0,163.219.255.255,0,None,Not routed
163.220.0.0,163.220.143.255,2907,JP,SINET-AS Research Organization of Information and Systems, National Institute of Informatics
163.220.144.0,163.220.175.255,0,None,Not routed
163.220.176.0,163.220.191.255,2907,JP,SINET-AS Research Organization of Information and Systems, National Institute of Informatics
163.220.192.0,163.220.251.255,63770,JP,ICSCOE-AS Industrial Cyber Security Center of Excellence
163.220.252.0,163.220.255.255,37917,JP,UTINS University of Tsukuba
163.221.0.0,163.221.255.255,2500,JP,WIDE-BB WIDE Project
163.222.0.0,163.222.255.255,4766,KR,KIXS-AS-KR Korea Telecom
163.223.0.0,163.224.255.255,0,None,Not routed
163.225.0.0,163.226.255.255,2907,JP,SINET-AS Research Organization of Information and Systems, National Institute of Informatics
163.227.0.0,163.227.255.255,0,None,Not routed
163.228.0.0,163.228.255.255,58593,CN,BLUECLOUD Shanghai Blue Cloud Technology Co.,Ltd
163.229.0.0,163.229.255.255,4766,KR,KIXS-AS-KR Korea Telecom
163.230.0.0,163.230.7.255,27336,US,SENTARA-HEALTH-CARE
163.230.8.0,163.230.58.255,27336,US,SENTARA-HEALTH-CARE
163.230.59.0,163.230.66.255,27336,US,SENTARA-HEALTH-CARE
163.230.67.0,163.230.86.255,27336,US,SENTARA-HEALTH-CARE
163.230.87.0,163.230.97.255,27336,US,SENTARA-HEALTH-CARE
163.230.98.0,163.230.200.255,27336,US,SENTARA-HEALTH-CARE
163.230.201.0,163.230.242.255,27336,US,SENTARA-HEALTH-CARE
163.230.243.0,163.230.255.255,27336,US,SENTARA-HEALTH-CARE
163.231.0.0,163.231.255.255,4583,US,THOMSON-REUTERS
163.232.0.0,163.232.0.255,9328,AU,DATACOM-AU DATACOM SYSTEMS AU PTY LTD
163.232.1.0,163.232.39.255,0,None,Not routed
163.232.40.0,163.232.41.255,9328,AU,DATACOM-AU DATACOM SYSTEMS AU PTY LTD
163.232.42.0,163.232.159.255,0,None,Not routed
163.232.160.0,163.232.160.255,9328,AU,DATACOM-AU DATACOM SYSTEMS AU PTY LTD
163.232.161.0,163.232.191.255,0,None,Not routed
163.232.192.0,163.232.208.255,55766,AU,ORROPTYLTD-AS-AP Orro Pty Ltd
163.232.209.0,163.232.217.255,0,None,Not routed
163.232.218.0,163.232.218.255,9328,AU,DATACOM-AU DATACOM SYSTEMS AU PTY LTD
163.232.219.0,163.232.248.255,0,None,Not routed
163.232.249.0,163.232.249.255,9328,AU,DATACOM-AU DATACOM SYSTEMS AU PTY LTD
163.232.250.0,163.232.255.255,0,None,Not routed
163.233.0.0,163.233.127.255,17477,AU,MCT-SYDNEY Macquarie Telecom
163.233.128.0,163.233.143.255,141400,AU,COMCARE-AS-AP COMCARE
163.233.144.0,163.233.255.255,17477,AU,MCT-SYDNEY Macquarie Telecom
163.234.0.0,163.234.255.255,1761,US,TDIR-CAPNET
163.235.0.0,163.235.192.255,0,None,Not routed
163.235.193.0,163.235.193.255,395563,US,EDISON-CARRIER-SOLUTIONS
163.235.194.0,163.235.199.255,0,None,Not routed
163.235.200.0,163.235.201.255,395563,US,EDISON-CARRIER-SOLUTIONS
163.235.202.0,163.235.223.255,0,None,Not routed
163.235.224.0,163.235.255.255,395563,US,EDISON-CARRIER-SOLUTIONS
163.236.0.0,163.236.255.255,7127,US,SCE
163.237.0.0,163.237.207.255,19255,US,YOUR-ORG-INC-NA
163.237.208.0,163.237.208.255,13331,US,METAPEER-INC
163.237.209.0,163.237.209.255,19255,US,YOUR-ORG-INC-NA
163.237.210.0,163.237.210.255,13331,US,METAPEER-INC
163.237.211.0,163.237.221.255,19255,US,YOUR-ORG-INC-NA
163.237.222.0,163.237.225.255,13331,US,METAPEER-INC
163.237.226.0,163.237.255.255,19255,US,YOUR-ORG-INC-NA
163.238.0.0,163.238.255.255,31822,US,CITY-UNIVERSITY-OF-NEW-YORK
163.239.0.0,163.239.255.255,3813,KR,SOGANG-AS-KR Sogang University
163.240.0.0,163.240.255.255,668,US,DNIC-AS-00668
163.241.0.0,163.243.255.255,0,None,Not routed
163.244.0.0,163.244.8.255,3614,US,DELL-BLK
163.244.9.0,163.244.10.255,30614,US,DELL-BLK
163.244.11.0,163.244.11.255,3614,US,DELL-BLK
163.244.12.0,163.244.15.255,30614,US,DELL-BLK
163.244.16.0,163.244.19.255,3614,US,DELL-BLK
163.244.20.0,163.244.20.255,30614,US,DELL-BLK
163.244.21.0,163.244.21.255,3614,US,DELL-BLK
163.244.22.0,163.244.26.255,30614,US,DELL-BLK
163.244.27.0,163.244.55.255,3614,US,DELL-BLK
163.244.56.0,163.244.57.255,30614,US,DELL-BLK
163.244.58.0,163.244.60.255,3614,US,DELL-BLK
163.244.61.0,163.244.61.255,3614,US,DELL-BLK
163.244.62.0,163.244.65.255,30614,US,DELL-BLK
163.244.66.0,163.244.71.255,3614,US,DELL-BLK
163.244.72.0,163.244.72.255,12257,US,EMC-AS12257
163.244.73.0,163.244.115.255,3614,US,DELL-BLK
163.244.116.0,163.244.119.255,30614,US,DELL-BLK
163.244.120.0,163.244.180.255,3614,US,DELL-BLK
163.244.181.0,163.244.182.255,3614,US,DELL-BLK
163.244.183.0,163.244.245.255,3614,US,DELL-BLK
163.244.246.0,163.244.246.255,38057,CN,DELLCHINA Dell China Co.,Ltd
163.244.247.0,163.244.255.255,3614,US,DELL-BLK
163.245.0.0,163.245.255.255,17,US,PURDUE
163.246.0.0,163.246.255.255,3512,US,EUSHC
163.247.0.0,163.247.240.255,17147,CL,Ministerio del Interior y de Seguridad Publica - Gobierno de Chile
163.247.241.0,163.247.255.255,17147,CL,Ministerio del Interior y de Seguridad Publica - Gobierno de Chile
163.248.0.0,163.248.255.255,210,US,WEST-NET-WEST
163.249.0.0,163.249.7.255,749,US,DNIC-AS-00749
163.249.8.0,163.249.9.255,5133,US,DNIC-ASBLK-05120-05376
163.249.10.0,163.249.10.255,749,US,DNIC-AS-00749
163.249.11.0,163.249.11.255,721,US,DNIC-ASBLK-00721-00726
163.249.12.0,163.249.23.255,749,US,DNIC-AS-00749
163.249.24.0,163.249.31.255,668,US,DNIC-AS-00668
163.249.32.0,163.249.39.255,721,US,DNIC-ASBLK-00721-00726
163.249.40.0,163.249.47.255,668,US,DNIC-AS-00668
163.249.48.0,163.249.50.255,721,US,DNIC-ASBLK-00721-00726
163.249.51.0,163.249.51.255,668,US,DNIC-AS-00668
163.249.52.0,163.249.52.255,0,None,Not routed
163.249.53.0,163.249.54.255,668,US,DNIC-AS-00668
163.249.55.0,163.249.55.255,721,US,DNIC-ASBLK-00721-00726
163.249.56.0,163.249.73.255,668,US,DNIC-AS-00668
163.249.74.0,163.249.80.255,721,US,DNIC-ASBLK-00721-00726
163.249.81.0,163.249.81.255,668,US,DNIC-AS-00668
163.249.82.0,163.249.95.255,721,US,DNIC-ASBLK-00721-00726
163.249.96.0,163.249.99.255,749,US,DNIC-AS-00749
163.249.100.0,163.249.171.255,5133,US,DNIC-ASBLK-05120-05376
163.249.172.0,163.249.231.255,749,US,DNIC-AS-00749
163.249.232.0,163.249.239.255,721,US,DNIC-ASBLK-00721-00726
163.249.240.0,163.249.255.255,749,US,DNIC-AS-00749
163.250.0.0,163.250.255.255,0,None,Not routed
163.251.0.0,163.251.0.255,27066,US,DNIC-ASBLK-27032-27159
163.251.1.0,163.251.95.255,749,US,DNIC-AS-00749
163.251.96.0,163.251.99.255,27066,US,DNIC-ASBLK-27032-27159
163.251.100.0,163.251.100.255,749,US,DNIC-AS-00749
163.251.101.0,163.251.101.255,27066,US,DNIC-ASBLK-27032-27159
163.251.102.0,163.251.103.255,749,US,DNIC-AS-00749
163.251.104.0,163.251.119.255,27066,US,DNIC-ASBLK-27032-27159
163.251.120.0,163.251.121.255,619,US,DNIC-ASBLK-00616-00665
163.251.122.0,163.251.126.255,749,US,DNIC-AS-00749
163.251.127.0,163.251.127.255,0,None,Not routed
163.251.128.0,163.251.129.255,27066,US,DNIC-ASBLK-27032-27159
163.251.130.0,163.251.135.255,749,US,DNIC-AS-00749
163.251.136.0,163.251.136.255,27066,US,DNIC-ASBLK-27032-27159
163.251.137.0,163.251.158.255,749,US,DNIC-AS-00749
163.251.159.0,163.251.159.255,0,None,Not routed
163.251.160.0,163.251.161.255,27066,US,DNIC-ASBLK-27032-27159
163.251.162.0,163.251.163.255,0,None,Not routed
163.251.164.0,163.251.175.255,749,US,DNIC-AS-00749
163.251.176.0,163.251.176.255,27066,US,DNIC-ASBLK-27032-27159
163.251.177.0,163.251.182.255,749,US,DNIC-AS-00749
163.251.183.0,163.251.183.255,0,None,Not routed
163.251.184.0,163.251.185.255,27066,US,DNIC-ASBLK-27032-27159
163.251.186.0,163.251.189.255,749,US,DNIC-AS-00749
163.251.190.0,163.251.190.255,27066,US,DNIC-ASBLK-27032-27159
163.251.191.0,163.251.194.255,749,US,DNIC-AS-00749
163.251.195.0,163.251.196.255,0,None,Not routed
163.251.197.0,163.251.203.255,749,US,DNIC-AS-00749
163.251.204.0,163.251.204.255,0,None,Not routed
163.251.205.0,163.251.206.255,749,US,DNIC-AS-00749
163.251.207.0,163.251.207.255,0,None,Not routed
163.251.208.0,163.251.223.255,27066,US,DNIC-ASBLK-27032-27159
163.251.224.0,163.251.227.255,0,None,Not routed
163.251.228.0,163.251.229.255,749,US,DNIC-AS-00749
163.251.230.0,163.251.230.255,0,None,Not routed
163.251.231.0,163.251.234.255,749,US,DNIC-AS-00749
163.251.235.0,163.251.235.255,0,None,Not routed
163.251.236.0,163.251.237.255,749,US,DNIC-AS-00749
163.251.238.0,163.251.238.255,0,None,Not routed
163.251.239.0,163.251.239.255,27066,US,DNIC-ASBLK-27032-27159
163.251.240.0,163.251.243.255,749,US,DNIC-AS-00749
163.251.244.0,163.251.249.255,27066,US,DNIC-ASBLK-27032-27159
163.251.250.0,163.251.253.255,749,US,DNIC-AS-00749
163.251.254.0,163.251.254.255,27066,US,DNIC-ASBLK-27032-27159
163.251.255.0,163.251.255.255,5860,US,DNIC-ASBLK-05800-06055
163.252.0.0,163.252.93.255,0,None,Not routed
163.252.94.0,163.252.95.255,1236,US,GDIT-AS2
163.252.96.0,163.252.246.255,0,None,Not routed
163.252.247.0,163.252.247.255,1236,US,GDIT-AS2
163.252.248.0,163.252.251.255,0,None,Not routed
163.252.252.0,163.252.254.255,1236,US,GDIT-AS2
163.252.255.0,163.252.255.255,0,None,Not routed
163.253.0.0,163.253.1.255,11537,US,INTERNET2-RESEARCH-EDU
163.253.1.0,163.253.1.255,0,None,Not routed
163.253.2.0,163.253.3.255,11537,US,INTERNET2-RESEARCH-EDU
163.253.4.0,163.253.7.255,0,None,Not routed
163.253.8.0,163.253.8.255,396955,US,INTERNET2-BLEND
163.253.9.0,163.253.9.255,11537,US,INTERNET2-RESEARCH-EDU
163.253.10.0,163.253.11.255,0,None,Not routed
163.253.12.0,163.253.17.255,11537,US,INTERNET2-RESEARCH-EDU
163.253.18.0,163.253.18.255,11164,US,INTERNET2-I2PX
163.253.19.0,163.253.19.255,11537,US,INTERNET2-RESEARCH-EDU
163.253.20.0,163.253.25.255,0,None,Not routed
163.253.26.0,163.253.26.255,62775,US,INTERNET2-ISS
163.253.27.0,163.253.27.255,0,None,Not routed
163.253.28.0,163.253.28.255,11537,US,INTERNET2-RESEARCH-EDU
163.253.29.0,163.253.29.255,0,None,Not routed
163.253.30.0,163.253.32.255,396955,US,INTERNET2-BLEND
163.253.33.0,163.253.33.255,0,None,Not routed
163.253.34.0,163.253.34.255,396955,US,INTERNET2-BLEND
163.253.35.0,163.253.35.255,0,None,Not routed
163.253.36.0,163.253.39.255,237,US,MERIT-AS-14
163.253.40.0,163.253.41.255,396955,US,INTERNET2-BLEND
163.253.42.0,163.253.43.255,0,None,Not routed
163.253.44.0,163.253.44.255,396955,US,INTERNET2-BLEND
163.253.45.0,163.253.45.255,0,None,Not routed
163.253.46.0,163.253.46.255,14618,US,AMAZON-AES
163.253.47.0,163.253.47.255,16509,US,AMAZON-02
163.253.48.0,163.253.69.255,0,None,Not routed
163.253.70.0,163.253.74.255,396961,US,INTERNET2-OSG
163.253.75.0,163.254.255.255,0,None,Not routed
163.255.0.0,163.255.255.255,4766,KR,KIXS-AS-KR Korea Telecom
